CABLE NO.,ORIGINATION POINT,TERMINATION POINT,CABLE TYPE,"COLOR
?",WIRE 1,WIRE 2,WIRE 3,WIRE 4,WIRE 5,WIRE 6,WIRE 7,WIRE 8,WIRE 9,WIRE 10,CONDUIT SIZE,QTY,"REMARKS
??",Notes
TBV1-C1,SENSOR VACUUM UNIT PANEL,TB-V1,MTW 16 AWG ×12,W,BU,"24P2
24P",1A,1B,2A,2B,"V-SOL
0802","V-SOL
0803","V-SOL
0804","SP-
TBV1-1","SP-
TBV1-2",,"?
3.3",
TBV1-C1,SENSOR VACUUM UNIT PANEL,TB-V1,,,BU,"SP-
TBV1-3","SP-
TBV1-4",,,,,,,,,,,
TBV1-C1,SENSOR VACUUM UNIT PANEL,TB-V1,MTW 14 AWG ×1,W,G/Y,G,,,,,,,,,,,"?
3.7",
TBV1-C1,SENSOR VACUUM UNIT PANEL,TB-V1,MTW 16 AWG ×12 W,BU,"24P2
24P",1A,1B,2A,2B,"V-SOL
0802","V-SOL
0803","V-SOL
0804","SP-
TBV1-1","SP-
TBV1-2",,,"?
3.3",
TBV1-C1,SENSOR VACUUM UNIT PANEL,TB-V1,MTW 16 AWG ×12 W,BU,"SP-
TBV1-3","SP-
TBV1-4",,,,,,,,,,,,
TBV1-C1,SENSOR VACUUM UNIT PANEL,TB-V1,MTW 14 AWG ×1 W,G/Y,G,,,,,,,,,,,,"?
3.7",
TBV1-C10,SENSOR VACUUM UNIT PANEL,TB-V1,KX-S ×1,W,-,"1TM+
RED","1TM-
WHITE",,,,,,,,,,"?
6.1",
TBV1-C10,SENSOR VACUUM UNIT PANEL,TB-V1,KX-S ×1 W,-,"1TM+
RED","1TM-
WHITE",,,,,,,,,,,"?
6.1",
TBV1-C11,CONDITION MONITOR CONTROL PANEL,TB-V1,KDF-SBL 0.75 sq -4,C,-,"(BK)
P24A","(W)
N24","(R)
HV11+","(G)
HV12-","(SH)
SG G",,,,,,,"?
7",ME?????
TBV1-C11,CONDITION MONITOR CONTROL PANEL,TB-V1,KDF-SBL 0.75 sq -4 C,-,"(BK)
P24A","(W)
N24","(R)
HV11+","(G)
HV12-","(SH)
SG G",,,,,,,,"?
7",ME?????
TBV1-C12,CONDITION MONITOR CONTROL PANEL,TB-V1,KDF-SBL 0.75 sq -4,C,-,"(BK)
P24A","(W)
N24","(R)
HV21+","(G)
HV22-","(SH)
SG G",,,,,KMS-28,,"?
7",ME?????
TBV1-C12,CONDITION MONITOR CONTROL PANEL,TB-V1,KDF-SBL 0.75 sq -4 C,-,"(BK)
P24A","(W)
N24","(R)
HV21+","(G)
HV22-","(SH)
SG G",,,,,,KMS-28,,"?
7",ME?????
TBV1-C13,CONDITION MONITOR CONTROL PANEL,TB-V1,KDF-SBL 0.75 sq -4,C,-,"(BK)
P24A","(W)
N24","(R)
HV31+","(G)
HV32-","(SH)
SG G",,,,,,,"?
7",ME?????
TBV1-C13,CONDITION MONITOR CONTROL PANEL,TB-V1,KDF-SBL 0.75 sq -4 C,-,"(BK)
P24A","(W)
N24","(R)
HV31+","(G)
HV32-","(SH)
SG G",,,,,,,,"?
7",ME?????
TBV1-C14,CONDITION MONITOR CONTROL PANEL,TB-V1,KDF-SBL 0.75 sq -4,C,-,SP-TBV1-MVVS1,,,,,,,,,,,"?
7",ME?????
TBV1-C14,CONDITION MONITOR CONTROL PANEL,TB-V1,KDF-SBL 0.75 sq -4 C,-,SP-TBV1-MVVS1,,,,,,,,,,,,"?
7",ME?????
TBV1-C2,SENSOR VACUUM UNIT PANEL,TB-V1,KDF-SBL 0.75 sq -4,C,-,"(BK)
V-1-A-1","(W)
V-1-B-2","(R)
V-1-D-3","(G)
V-1-E-4","(SH)
V-1-C-2",,,,,,,"?
7",ME?????
TBV1-C2,SENSOR VACUUM UNIT PANEL,TB-V1,KDF-SBL 0.75 sq -4 C,-,"(BK)
V-1-A-1","(W)
V-1-B-2","(R)
V-1-D-3","(G)
V-1-E-4","(SH)
V-1-C-2",,,,,,,,"?
7",ME?????
TBV1-C3,SENSOR VACUUM UNIT PANEL,TB-V1,KDF-SBL 2 sq -2,C,-,"(BK)
V-1-CN2-8","(W)
V-1-CN2-10","(SH)
FG",,,,,,,,,"?
7.8",ME?????
TBV1-C3,SENSOR VACUUM UNIT PANEL,TB-V1,KDF-SBL 2 sq -2 C,-,"(BK)
V-1-CN2-8","(W)
V-1-CN2-10","(SH)
FG",,,,,,,,,,"?
7.8",ME?????
TBV1-C4,SENSOR VACUUM UNIT PANEL,TB-V1,KDF-SBL 0.75 sq -4,C,-,"(BK)
V-2-A-1","(W)
V-2-B-2","(R)
V-2-D-3","(G)
V-2-E-4","(SH)
V-2-C-2",,,,,KMS-54,,"?
7",ME?????
TBV1-C4,SENSOR VACUUM UNIT PANEL,TB-V1,KDF-SBL 0.75 sq -4 C,-,"(BK)
V-2-A-1","(W)
V-2-B-2","(R)
V-2-D-3","(G)
V-2-E-4","(SH)
V-2-C-2",,,,,,KMS-54,,"?
7",ME?????
TBV1-C5,SENSOR VACUUM UNIT PANEL,TB-V1,KDF-SBL 2 sq -2,C,-,"(BK)
V-2-CN2-8","(W)
V-2-CN2-10","(SH)
FG",,,,,,,,,"?
7.8",ME?????
TBV1-C5,SENSOR VACUUM UNIT PANEL,TB-V1,KDF-SBL 2 sq -2 C,-,"(BK)
V-2-CN2-8","(W)
V-2-CN2-10","(SH)
FG",,,,,,,,,,"?
7.8",ME?????
TBV1-C6,SENSOR VACUUM UNIT PANEL,TB-V1,KDF-SBL 0.75 sq -4,C,-,"(BK)
PS-D1","(W)
PS-D2","(R)
PS-D3","(G)
(CUT)","(SH)
PS-DFG",,,,,,,"?
7",ME?????
TBV1-C6,SENSOR VACUUM UNIT PANEL,TB-V1,KDF-SBL 0.75 sq -4 C,-,"(BK)
PS-D1","(W)
PS-D2","(R)
PS-D3","(G)
(CUT)","(SH)
PS-DFG",,,,,,,,"?
7",ME?????
TBV1-C7,SENSOR VACUUM UNIT PANEL,TB-V1,KDF-SBL 0.75 sq -4,C,-,"(BK)
PS-C1","(W)
PS-C2","(R)
PS-C3","(G)
(CUT)","(SH)
PS-CFG",,,,,,,"?
7",ME?????
TBV1-C7,SENSOR VACUUM UNIT PANEL,TB-V1,KDF-SBL 0.75 sq -4 C,-,"(BK)
PS-C1","(W)
PS-C2","(R)
PS-C3","(G)
(CUT)","(SH)
PS-CFG",,,,,,,,"?
7",ME?????
TBV1-C8,SENSOR VACUUM UNIT PANEL,TB-V1,KDF-SBL 0.75 sq -4,C,-,"(BK)
PS-E1","(W)
PS-E2","(R)
PS-E3","(G)
(CUT)","(SH)
PS-EFG",,,,,,,"?
7",ME?????
TBV1-C8,SENSOR VACUUM UNIT PANEL,TB-V1,KDF-SBL 0.75 sq -4 C,-,"(BK)
PS-E1","(W)
PS-E2","(R)
PS-E3","(G)
(CUT)","(SH)
PS-EFG",,,,,,,,"?
7",ME?????
TBV1-C9,SENSOR VACUUM UNIT PANEL,TB-V1,KX-S ×1,W,-,"0TM+
RED","0TM-
WHITE",,,,,,,,,,"?
6.1",
TBV1-C9,SENSOR VACUUM UNIT PANEL,TB-V1,KX-S ×1 W,-,"0TM+
RED","0TM-
WHITE",,,,,,,,,,,"?
6.1",
TBV2-C1,TB-V1,TB-V2,D-LIST-MTW 14 AWG - 10 C,,"24P
SP-TBV2-2 SP-
TBV2-12","1A
SP-TBV2-3 SP-
TBV2-13","1B
SP-TBV2-4 SP-
TBV2-14","2A
SP-TBV2-5 SP-
TBV2-15","2B
SP-TBV2-6 SP-
TBV2-16","V-SOL
0802
SP-TBV2-7 SP-
TBV2-17","V-SOL
0803
SP-TBV2-8 SP-
TBV2-18","V-SOL
0804
SP-TBV2-9 SP-
TBV2-19","SP-
TBV2-1
SP-TBV2-10 SP-
TBV2-20","G
SP-TBV2-11
CUT",KPF-54,,"?
20.2",ME?????
TBV2-C1,TB-V1,TB-V2,D-LIST-MTW 18 AWG - 20 C,,"SP-
TBV2-2","SP-
TBV2-3","SP-
TBV2-4","SP-
TBV2-5","SP-
TBV2-6","SP-
TBV2-7","SP-
TBV2-8","SP-
TBV2-9","SP-
TBV2-10","SP-
TBV2-11",,,"?
20.2",ME?????
TBV2-C1,TB-V1,TB-V2,,,"SP-
TBV2-12","SP-
TBV2-13","SP-
TBV2-14","SP-
TBV2-15","SP-
TBV2-16","SP-
TBV2-17","SP-
TBV2-18","SP-
TBV2-19","SP-
TBV2-20",CUT,,,,1
TBV2-C10 TBV2-C13,TB-V1,TB-V2,KDF-SBL 0.75 sq - 4 C,-,SP-TBV2-MVVS1,,,,,,,,1,,,,"?
7",ME?????
TBV2-C14,TB-V1,TB-V2,KX-S ×1 W,-,"0TM+ 0TM-
RED WHITE
1TM+ 1TM-
RED WHITE",,,,,,,,,,,,"?
6.1",ME?????
TBV2-C15,TB-V1,TB-V2,KX-S ×1 W,,,,,,,,,,,,,,"?
6.1",ME?????
TBV2-C2,TB-V1,TB-V2,D-LIST-MTW 18 AWG - 20 C,,,,,,,,,,,,,,"?
20",ME?????
TBV2-C2,TB-V1,TB-V2,,,,,,,,,,,,,,,,
TBV2-C2,TB-V1,TB-V2,MTW 14 AWG ×1 W,G/Y,G,,,,,,,,,,,,"?
3.7",
TBV2-C3,TB-V1,TB-V2,KDF-SBL 0.75 sq - 4 C,-,"(BK)
V-1-A-1","(W)
V-1-B-2","(R)
V-1-D-3","(G)
V-1-E-4","(SH)
V-1-C-2",,,,,,,,"?
7",ME?????
TBV2-C4,TB-V1,TB-V2,KDF-SBL 2 sq - 2 C,-,"(BK)
V-1-CN2-8","(W)
V-1-CN2-10","(SH)
FG",,,,,,,,,,"?
7.8",ME?????
TBV2-C5,TB-V1,TB-V2,KDF-SBL 0.75 sq - 4 C,-,"(BK)
V-2-A-1","(W)
V-2-B-2","(R)
V-2-D-3","(G)
V-2-E-4","(SH)
V-2-C-2",,,,,,,,"?
7",ME?????
TBV2-C6,TB-V1,TB-V2,KDF-SBL 2 sq - 2 C,-,"(BK)
V-2-CN2-8","(W)
V-2-CN2-10","(SH)
FG",,,,,,,,,,"?
7.8",ME?????
TBV2-C7,TB-V1,TB-V2,"KDF-SBL 0.75 sq - 4 C
KDF-SBL 0.75 sq - 4 C
KDF-SBL 0.75 sq - 4 C","-
-
-","(BK)
PS-D1 (BK) PS-C1 (BK)
PS-E1","(W)
PS-D2 (W) PS-C2 (W)
PS-E2","(R)
PS-D3 (R) PS-C3 (R)
PS-E3","(G)
(CUT)
(G)
(CUT)
(G)
(CUT)","(SH)
PS-DFG (SH) PS-CFG (SH)
PS-EFG",,,,,,KPF-54,,"?
7",ME?????
TBV2-C7 TBV2-C10,TB-V1,TB-V2,KDF-SBL 0.75 sq - 4 C,-,"(BK)
P24A","(W)
N24","(R)
HV11+","(G)
HV12-","(SH)
SG G",,,,,,,,"?
7",ME?????
TBV2-C8,TB-V1,TB-V2,,,,,,,,,,,,,,,"?
7",ME?????
TBV2-C8 TBV2-C11,TB-V1,TB-V2,KDF-SBL 0.75 sq - 4 C,-,"(BK)
P24A","(W)
N24","(R)
HV21+","(G)
HV22-","(SH)
SG G",,,,,,,,"?
7",ME?????
TBV2-C9,TB-V1,TB-V2,,,,,,,,,,,,,1,,"?
7",ME?????
TBV2-C9 TBV2-C12,TB-V1,TB-V2,KDF-SBL 0.75 sq - 4 C,-,"(BK)
P24A","(W)
N24","(R)
HV31+","(G)
HV32-","(SH)
SG G",,,,,,,,"?
7",ME?????
VCON1-C1,SENSOR VACUUM UNIT PANEL,CONECTOR BOX 1,KDF-SBL 0.75 sq -4 C,-,"(BK)
V-1-MSNS1-P","(W)
V-1-MSNS1-N","(R)
V-1-MSNS2-P","(G)
V-1-MSNS2-N","(SH)
FG",,,,,,KMS-16,,"?
7",ME?????
VCON1-C2,SENSOR VACUUM UNIT PANEL,CONECTOR BOX 1,MTW 14 AWG ×1 W,G/Y,G,,,,,,,,,,,,"?
3.7",
VCON2-C1,SENSOR VACUUM UNIT PANEL,CONECTOR BOX 2,KDF-SBL 0.75 sq -4 C,-,"(BK)
V-2-MSNS1-P","(W)
V-2-MSNS1-N","(R)
V-2-MSNS2-P","(G)
V-2-MSNS2-N","(SH)
FG",,,,,,KMS-16,,"?
7",ME?????
VCON2-C2,SENSOR VACUUM UNIT PANEL,CONECTOR BOX 2,MTW 14 AWG ×1 W,G/Y,G,,,,,,,,,,,,"?
3.7",
VCON3-C1,TB-V2,CONECTOR BOX 3,KDF-SBL 0.75 sq -4 C,-,"(BK)
V-1-A-1","(W)
V-1-B-2","(R)
V-1-D-3","(G)
V-1-E-4","(SH)
V-1-C-2",,,,,,,,"?
7",ME?????
VCON3-C2,TB-V2,CONECTOR BOX 3,KDF-SBL 2 sq -2 C,-,"(BK)
V-1-CN2-8","(W)
V-1-CN2-10","(SHILDE)
FG",,,,,,,,KMS-22,,"?
7.8",ME?????
VCON3-C3,TB-V2,CONECTOR BOX 3,MTW 14 AWG ×1 W,G/Y,G,,,,,,,,,,,,"?
3.7",
VCON4-C1,TB-V2,CONECTOR BOX 4,KDF-SBL 0.75 sq -4 C,-,"(BK)
V-2-A-1","(W)
V-2-B-2","(R)
V-2-D-3","(G)
V-2-E-4","(SH)
V-2-C-2",,,,,,,,"?
7",ME?????
VCON4-C2,TB-V2,CONECTOR BOX 4,KDF-SBL 2 sq -2 C,-,"(BK)
V-2-CN2-8","(W)
V-2-CN2-10","(SHILDE)
FG",,,,,,,,KMS-22,,"?
7.8",ME?????
VCON4-C3,TB-V2,CONECTOR BOX 4,MTW 14 AWG ×1 W,G/Y,G,,,,,,,,,,,,"?
3.7",
VCON5-C1,TB-V2,CONECTOR BOX 5,KDF-SBL 0.75 sq -4 C,-,"(BK)
P24A","(W)
N24","(R)
HV11+","(G)
HV12-","(SH)
G",,,,,,,,"?
7",ME?????
VCON5-C2,TB-V2,CONECTOR BOX 5,KDF-SBL 0.75 sq -4 C,-,"(BK)
P24A","(W)
N24","(R)
HV21+","(G)
HV22-","(SH)
G",,,,,,KMS-28,,"?
7",ME?????
VCON5-C3,TB-V2,CONECTOR BOX 5,KDF-SBL 0.75 sq -4 C,-,"(BK)
P24A","(W)
N24","(R)
HV31+","(G)
HV32-","(SH)
G",,,,,,,,"?
7",ME?????
VOP-C1,SENSOR VACUUM UNIT PANEL,SENSOR VACUUM UNIT OPERATION PANEL,MTW 16 AWG ×50 W,BU,24P1,P1,Z1,24P11,24Z11,A03,A04,A16,201,202,,,"?
3.3",(G)
VOP-C1,SENSOR VACUUM UNIT PANEL,SENSOR VACUUM UNIT OPERATION PANEL,MTW 16 AWG ×50 W,BU,203,204,207,208,211,212,213,214,215,300,,,,
VOP-C1,SENSOR VACUUM UNIT PANEL,SENSOR VACUUM UNIT OPERATION PANEL,MTW 16 AWG ×50 W,BU,301,304,307,308,309,400,401,402,511,1,,,,
VOP-C1,SENSOR VACUUM UNIT PANEL,SENSOR VACUUM UNIT OPERATION PANEL,MTW 16 AWG ×50 W,BU,2,6,31,32,44,908,909,910,PW,"SP-
VOP-1",,,,
VOP-C1,SENSOR VACUUM UNIT PANEL,SENSOR VACUUM UNIT OPERATION PANEL,MTW 14 AWG ×1 W,G/Y,G,,,,,,,,,,,,"?
3.7",
VOP-C2,SENSOR VACUUM UNIT PANEL,SENSOR VACUUM UNIT OPERATION PANEL,KVC-36SBT 0.5 sq - 6 C,-,SDA,SDB,RDA,RDB,SG,CUT,FG,,,,,,"?
7.7",ME?????
VOP-C3,SENSOR VACUUM UNIT PANEL,SENSOR VACUUM UNIT OPERATION PANEL,KDF-SBL 0.75 sq - 4 C,-,PS-D1,PS-D2,PS-D3,CUT,PS-DFG,,,,,,,,"?
7",ME?????
VOP-C4,SENSOR VACUUM UNIT PANEL,SENSOR VACUUM UNIT OPERATION PANEL,KDF-SBL 0.75 sq - 4 C,-,PS-C1,PS-C2,PS-C3,CUT,PS-CFG,,,,,,,,"?
7",ME?????
VOP-C5,SENSOR VACUUM UNIT PANEL,SENSOR VACUUM UNIT OPERATION PANEL,KDF-SBL 0.75 sq - 4 C,-,PS-E1,PS-E2,PS-E3,CUT,PS-EFG,,,,,,,,"?
7",ME?????
VHU-C1,SENSOR VACUUM UNIT PANEL,HYD.UNIT (VACUUM ),MTW 16 AWG ×12 W,BU,P1,Z1,313,314,315,"SP-
VHU-1",24P2,0813A,0814A,"SP-
VHU-2",,,"?
3.3",(H)
VHU-C1,SENSOR VACUUM UNIT PANEL,HYD.UNIT (VACUUM ),MTW 14 AWG ×1 W,G/Y,G,,,,,,,,,,,,"?
3.7",
VHPM-P1,SENSOR VACUUM UNIT PANEL,HYD.UNIT (VACUUM ),MTW 14 AWG ×3 W,BK,V-U2,V-V2,V-W2,,,,,,,,KMS-16,,"?
3.7",(I)
,SENSOR VACUUM UNIT PANEL,HYD.UNIT (VACUUM ),MTW 14 AWG ×1 W,G/Y,G,,,,,,,,,,,,"?
3.7",
TBV4-C1,SENSOR VACUUM UNIT PANEL,TB-V4,MTW 16 AWG ×6 W,BU,24P1,GF1,"V-SOL
0800","V-SOL
0801","SP-
TBV4-1","SP-
TBV4-2",,,,,KMS-16,,"?
3.3",(J) ????
TBV4-C1,SENSOR VACUUM UNIT PANEL,TB-V4,MTW 14 AWG ×1 W,G/Y,G,,,,,,,,,,,,"?
3.7",by CUSTOMER
TBV4-C2,CONDITION MONITOR CONTROL PANEL,TB-V4,KDF-SBL 0.75 sq - 4 C,-,HW11+,HW12-,N24,P24A,SG,,,,,,KMS-16,,"?
7",(K) ????
TBV4-C2,CONDITION MONITOR CONTROL PANEL,TB-V4,MTW 14 AWG ×1 W,G/Y,G,,,,,,,,,,,,"?
3.7",by CUSTOMER
VPM-P1,SENSOR VACUUM UNIT PANEL,VACUUM PUMP,MTW 8 AWG ×3 W,BK,V-U1,V-V1,V-W1,,,,,,,,KMS-28,,"?
6.4",(L)
VPM-P2,SENSOR VACUUM UNIT PANEL,VACUUM PUMP,MTW 8 AWG ×1 W,G/Y,G,,,,,,,,,,,,"?
6.4",
DCP-VCP-C1,DCM CONTROL PANEL,SENSOR VACUUM UNIT PANEL,MTW 16 AWG ×30 W,OR,8600,8601,8602,8603,8604,8605,8606,8607,8617,8608,,,"?
3.3",(M)
DCP-VCP-C1,DCM CONTROL PANEL,SENSOR VACUUM UNIT PANEL,,OR,8609,"8600
A",8610,8618,8619,SP-8620,"SP-DCP
VCP-1",V-COM,CR0900A,CR0901A,KMS-36,,,
DCP-VCP-C1,DCM CONTROL PANEL,SENSOR VACUUM UNIT PANEL,,OR,"SP-CR
0902A","CR
0903A","SP-CR
0904A","CR
0905A","CR
0906A","CR
0907A","CR
0911A","SP-CR
0912A","SP-
EM1",V-TH0A,,,,
DCP-RTCP-C1,DCM CONTROL PANEL,RING TIP C.P.,MTW 16 AWG ×16 W,OR,N,"00
0010","00
0011","00
0012","00
0013","00
0014","00
0015",Z1,Z10,Z11,KMS-28,,"?
3.3",-4
DCP-RTCP-C1,DCM CONTROL PANEL,RING TIP C.P.,,,Z12,Z13,"SP-DCP
RTCP-1","SP-DCP
RTCP-2","SP-DCP
RTCP-3","SP-DCP
RTCP-4",,,,,,,,
DCP-CMCP-C1,DCM CONTROL PANEL,CONDITION MONITOR CONTROL PANEL,MTW 16 AWG ×30 W,OR,"M-
N24","M-30
000","M-30
001","M-30
003","M-30
004","M-30
005","M-30
007","M-30
011","M-30
012","M-30
013",,,"?
3.3",(6) ????
DCP-CMCP-C1,DCM CONTROL PANEL,CONDITION MONITOR CONTROL PANEL,,,"M-30
014","M-30
014",ILM0,ILM1,ILM2,ILM3,ILM4,ILM5,ILM6,ILM7,KMS-36,,,by CUSTOMER
DCP-CMCP-C1,DCM CONTROL PANEL,CONDITION MONITOR CONTROL PANEL,,,"SP-DCP
CMCP-1","SP-DCP
CMCP-2","SP-DCP
CMCP-3","SP-DCP
CMCP-4","SP-DCP
CMCP-5","SP-DCP
CMCP-6","SP-DCP
CMCP-7","SP-DCP
CMCP-8","SP-DCP
CMCP-9","SP-DCP
CMCP-10",,,,
VCP-CMCP-C1,SENSOR VACUUM UNIT PANEL,CONDITION MONITOR CONTROL PANEL,MTW 16 AWG ×10 W,OR,"M-
N24","M-0
0007","M-0
0008","M-0
0009","M-0
0010","SP-VCP
CMCP-1","SP-VCP
CMCP-2","SP-VCP
CMCP-3","SP-VCP
CMCP-4","SP-VCP
CMCP-5",KMS-22,,"?
3.3",-15
RTCP-TLB-C1,RING TIP C.P.,TIP LUB UNIT,MTW 16 AWG ×5 W,BU,P24A,114,115,"SP-RTCP
TLB-1","SP-RTCP
TLB-2",,,,,,KMS-16,,"?
3.3",-21
RTCP-TLB-C1,RING TIP C.P.,TIP LUB UNIT,MTW 14 AWG ×1 W,G/Y,G,,,,,,,,,,,,"?
3.7",
CMOP-C1,CONDITION MONITOR CONTROL PANEL,CONDITION MONITOR OPERATION PANEL,MTW 14 AWG ×4 W,RD,101,105,106,107,,,,,,,,,(22) ????,
CMOP-C1,CONDITION MONITOR CONTROL PANEL,CONDITION MONITOR OPERATION PANEL,MTW 14 AWG ×1 W,G/Y,G,,,,,,,,,,KMS-28,,by CUSTOMER,
CMOP-C1,CONDITION MONITOR CONTROL PANEL,CONDITION MONITOR OPERATION PANEL,MTW 16 AWG ×7 W,BU,P24,P24A,N24,30,30,30,30,SP-,SP-,SP-,,,,
CMOP-C1,CONDITION MONITOR CONTROL PANEL,CONDITION MONITOR OPERATION PANEL,,,,,,104,105,610,611,CMOP-1,CMOP-2,CMOP-3,,,,
CMOP-C1,CONDITION MONITOR CONTROL PANEL,CONDITION MONITOR OPERATION PANEL,2P TWISTED PARE CABLE,,RD,SD,SG,SHD,,,,,,,,,,
