Loc.,Item #,Manuf. ,Part #,Description,Qty.,1ST CHECK,2ND CHECK,NOTES,WORK ORDER,Cost,Total Value,Cost New,,
1R-A01A,S002122,FANUC,A06B-6087-H126,AMPLIFIER,8,,,,,"1,800.00","$14,400.00","$4,994.00",,
1R-A02B,,FANUC,A06B-6114-H207,AMPLIFIER,1,,,,127733,"1,488.00","$1,488.00",,,
1R-A03A,S002121,FANUC,A06B-6077-H111,POWER SUPPLY,11,,,,,"1,300.00","$14,300.00","$3,784.00",,
1R-A04A,S010721,FANUC,A06B-6107-H002,AMPLIFIER,1,,,,,"2,800.00","$2,800.00","$9,990.00",,
1R-A04A,S010721,FANUC,A06B-6107-H002,AMPLIFIER,1,,,,127726,"2,887.00","$2,887.00","$9,990.00",,
1R-A04B,,FANUC,A06B-6087-H137,POWER SUPPLY,1,,,,,"1,932.00","$1,932.00","$1,932.00",,
1R-A05A,S002120,FANUC,A06B-6077-H106,AMPLIFIER,2,,,,127366/126134,"1,397.00","$2,794.00","$3,394.00",,
1R-A05B,S010416,FANUC,A06B-6140-H011,AMPLIFIER,1,,,,,"1,689.00","$1,689.00","$3,784.00",,
1R-A05C,,FANUC,A06B-6100-H001,AMP,1,,,,,"3,257.00","$3,257.00 ",,, 
1R-A06A,S005543,FANUC ,A06B-6078-H206,AMPLIFIER,5,,,,,"1,312.00","$6,560.00","$5,226.00",,
1R-A06B,S004003,NEMIC-LAMBDA,JWS150-24/A,POWER SUPPLY,1,,,,,1.00,$1.00 ,,,
1R-A07A,S000029,FANUC,A06B-6078-H211-H500,AMPLIFIER,9,,,,,"2,000.00","$18,000.00","$5,326.30",,
1R-A08A,S011301,FANUC,A06B-6140-H015,AMPLIFIER,2,,,,,"1,821.00","$3,642.00","$4,520.00",,
1R-A08B,S016022,FANUC,A06B-6400-H005,AMPLIFIER,2,,,,,"3,600.00","$7,200.00","$11,170.00",,
1R-A09A,S002126,FANUC,A06B-6079-H101,AMPLIFIER,1,,,,,975.00,$975.00,"$1,894.00",,
1R-A09B,S002127,FANUC,A06B-6079-H103,AMPLIFIER,3,,,,,319.00,$957.00,"$2,503.00",,
1R-A09C,S000164,FANUC,A06B-6079-H105,AMPLIFIER,1,,,,,"1,070.00","$1,070.00","$2,676.00",,
1R-A100A,S011089,STANLEY,21A108721,CONROL BOX,2,,,,,1.00,$2.00,"$6,075.00",,
1R-A100B,,STANLEY,21A108724,CONTROL BOX,1,,,,,1.00,$1.00,"$6,075.00",,
1R-A100C,,ALLEN-BRADLEY,1391B-AA22,SERVO CONTROLLER,1,,,,,825.00,$825.00,$0.00,,
1R-A101A,S004841,FANUC,A06B-6076-H106,AMP,3,,,,,"3,215.00","$9,645.00","$12,404.40",,
1R-A101B,,HAKKO,V610T10,MONITOR,1,,,,,1.00,$1.00 ,,,
1R-A102A,,NITTO SEIKO,RC-2000-P,NITOMAN PROGRAMMER,1,,,,,"2,080.00","$2,080.00",,,
1R-A10A,?,FANUC,A06B-6058-H332,AMPLIFIER,5,,,,,"2,368.00","$11,840.00","$1,186.00",,
1R-A11A,S000029,FANUC,A06B-6079-H106,AMPLIFIER,9,,,,,"1,684.00","$15,156.00","$3,394.00",,
1R-A12A,S000165,FANUC,A06B-6079-H206,AMPLIFIER,5,,,,,"1,400.00","$7,000.00","$3,996.00",,
1R-A12B,S004843,FANUC,A06B-6079-H201,AMPLIFIER,3,,,,,350.00,"$1,050.00","$2,632.00",,
1R-A13A,S000166,FANUC,A06B-6079-H207,AMPLIFIER,7,,,,,"1,276.00","$8,932.00","$4,025.00",,
1R-A13B,S005776,HONEYWELL,DC2500-E0-0L00-200-100000-E0-0,COUNTER,3,,,,,385.00,"$1,155.00",$700.94,,
1R-A14A,S002131,FANUC,A06B-6079-H208,AMPLIFIER,7,,,,,"1,397.00","$9,779.00","$4,471.00",,
1R-A14B,?,FANUC,A06B-6079-H209,AMPLIFIER,1, ,,,,500.00,$500.00,,,
1R-A15B,,FANUC,A02B-0236-B532,CNC CONTROLLER,1,,,,,1.00,$1.00,,,
1R-A16A,S002132,FANUC,A06B-6080-H301,AMPLIFIER,1,,,,,850.00,$850.00,"$3,613.00",,
1R-A16B,?,FANUC,A06B-6080-H307,AMPLIFIER,1,,,,,"1,200.00","$1,200.00","$9,563.56",,
1R-A16C,,FANUC,A06B-6141-H022,AMPLIFIER,1,,,,127626,"2,769.00","$2,769.00",,,
1R-A17A,S013712,FANUC,A06B-6140-H006,SERVO AMP,1,,,,,"1,598.00","$1,598.00","$3,757.00",,
1R-A17B,?,FANUC ,A06B-6088-H222,AMPLIFIER,1,,,,,"1,050.00","$1,050.00",,,
1R-A17C,?,FANUC,A06B-6089-H104,AMPLIFIER,1,,,,,995.00,$995.00,"$6,048.00",,
1R-A18A,S002133,FANUC,A06B-6090-H004,AMPLIFIER,1,,,,,"1,650.00","$1,650.00","$1,931.00",,
1R-A18B,S013486,FANUC,A06B-6096-H207,AMPLIFIER,4,,,,,"1,742.00","$6,968.00","$4,484.00",,
1R-A19A,S002139,FANUC,A06B-6100-H002,AMPLIFIER,2,,,,,"3,000.00","$6,000.00","$16,321.00",,
1R-A19A,S002139,FANUC,A06B-6100-H002,AMPLIFIER,1,,,,,"3,417.00","$3,417.00","$16,321.00",,
1R-A19A,S002139,FANUC,A06B-6100-H002,AMPLIFIER,3,,,,133368,"3,398.00","$3,398.00","$16,321.00",,
1R-A19A,S002139,FANUC,A06B-6100-H002,AMPLIFIER,1,,,,,"3,725.00","$3,725.00","$16,321.00",,
1R-A19A,S002139,FANUC,A06B-6100-H002,AMPLIFIER,1,,,,102488,"3,521.00","$3,521.00","$16,231.00",,
1R-A19A,S002139,FANUC,A06B-6100-H002,AMPLIFIER,2,,,,,"3,969.00","$3,969.00","$16,231.00",,
1R-A21A,,RIKO,VSCP-60-N,MODULE,1,,,,,475.00,$475.00 ,,,
1R-A21B,S010805,PANASONIC,SF-C14EX,APP EXPANSION,1,,,,,1.00,$1.00 ,,,
1R-A21C,S003724,FANUC,A16B-2201-0472,PC BOARD,1,,,,,1.00,$1.00 ,,,
1R-A22A,S004845,FANUC,A06B-6096-H103,AMPLIFIER,4,,,,,"1,297.00","$5,188.00","$2,503.00",,
1R-A22B,S002135,FANUC,A06B-6096-H104,AMPLIFIER,7,,,,,"1,234.00","$8,638.00","$3,118.00",,
1R-A23A,S002136,FANUC,A06B-6096-H105,AMPLIFIER,3,,,,,"1,389.00","$4,167.00","$2,650.00",,
1R-A23B,,FANUC,A06B-6150-H045,POWER SUPPLY,1,,,,,"3,689.00","$3,689.00","$9,563.56",,
1R-A23C,S002137,FANUC,A06B-6096-H106,AMPLIFIER,3,,,,,"1,225.00","$3,675.00","$4,246.00",,
1R-A24A,S004848,FANUC,A06B-6096-H116,AMPLIFIER,9,,,,,"1,621.00","$14,589.00","$4,246.00",,
1R-A24B,S002138,FANUC,A06B-6096-H206,AMPLIFIER,3,,,,,"1,500.00","$4,500.00","$4,038.00",,
1R-A25A,S004849,FANUC,A06B-6096-H208,AMPLIFIER,10,,,,,"1,800.00","$18,000.00","$3,963.00",,
1R-A26A,S004838,FANUC,A06B-6058-H324,AMPLIFIER,1,,,,,845.00,$845.00,"$6,589.00",,
1R-A26B,?,FANUC,A06B-6064-H302,AMPLIFIER,1,,,,,"1,486.00","$1,486.00","$4,988.45",,
1R-A26C,,FANUC,A16B-2203-0370,BOARD,1,,,,125821,725.00,$725.00 ,,,
1R-A27A,S005541,FANUC,A06B-6102-H202,AMPLIFIER,1,,,,,"1,282.00","$1,282.00","$4,989.00",,
1R-A27B,?,FANUC,A06B-6098-H111,AMPLIFIER,1,,,,,"1,525.00","$1,525.00",,,
1R-A27C,S011317,FANUC ,A06B-6117-H209,AMPLIFIER,1,,,,,"1,812.00","$1,812.00","$4,248.00",,
1R-A28A,S005543,FANUC,A06B-6102-H206,AMPLIFIER,7,,,,,"2,300.00","$16,100.00","$5,226.00",,
1R-A28B,,KEYENCE,FD-SS2A,FLOW SENSOR,1,,,,,"1,00",$1.00 ,,,
1R-A29A,S002143,FANUC,A06B-6102-H211,AMPLIFIER,6,,,,,"1,689.00","$10,134.00","$5,058.00",,
1R-A29B,,FANUC,A06B-6087-H130,POWER SUPPLY,1,,,,,"1,681.00","$1,681.00 ",,,
1R-A30A,S002145,FANUC,A06B-6102-H226,AMPLIFIER,2,,,,,972.00,"$1,944.00","$6,351.00",,
1R-A30B,S009518,FANUC,A06B-6102-H230,AMPLIFIER,1,,,,,"2,979.00","$2,979.00","$8,719.00",,
1R-A30C,,FANUC,A06B-6240-H209,AMP,1,,,,135114,"1,492.00","$1,492.00","$8,523.00",,
1R-A30C,S013603,FANUC,A06B-6240-H209,AMP,0,,,,125101,"1,125.00",$0.00,"$8,523.00",,
1R-A31A,,FANUC,A06B-6200-H011,AMP,1,,,,133394,"1,948.00","$1,948.00",,,
1R-A31B,,FANUC,A06B-6240-H105,AMP,1,,,,,,,,,
1R-A31C,?,FANUC,A06B-6064-C303,AMPLIFIER,1,,,,,980.00,$980.00,"$4,500.00",,
1R-A32A,S011308,FANUC,A06B-6110-H011,AMPLIFIER,1,,,,,"1,400.00","$1,400.00","$3,785.00",,
1R-A32A,S011308,FANUC,A06B-6110-H011,AMPLIFIER,1,,,,126513,"1,468.00","$1,468.00","$3,785.00",,
1R-A32B,S011301,FANUC,A06B-6110-H015,AMPLIFIER,2,,,,,"1,700.00","$3,400.00","$4,520.00",,
1R-A32C,S010426,FANUC,A06B-6111-H006,AMPLIFIER,1,,,,,"1,025.00","$1,025.00","$4,989.00",,
1R-A33A,S010438,FANUC,A06B-6111-H011,AMPLIFIER,4,,,,,"2,000.00","$8,000.00","$4,729.00",,
1R-A33B,,OMRON,NS15-TX01B-V2,INTERACTIVE DISPLAY,1,,,,,"3,450.00","$3,450.00",,,
1R-A33C,S011310,FANUC,A06B-6114-H105,AMPLIFIER,1,,,,127546,"1,396.00","$1,396.00","$3,089.00",,
1R-A34A,S010427,FANUC,A06B-6114-H205,AMPLIFIER,1,,,,,975.00,$975.00,"$2,712.00",,
1R-A34B,S010424,FANUC ,A06B-6114-H209,AMPLIFIER,3,,,,,"1,621.00","$4,863.00","$3,182.00",,
1R-A34C,S010431,FANUC,A06B-6114-H303,AMPLIFIER,4,,,,,"1,400.00","$5,600.00","$4,494.00",,
1R-A34C,S010431,FANUC,A06B-6114-H303,AMP,1,,,,126512,"1,794.00",1794,"$4,494.00",,
1R-A35A,S010430,FANUC,A06B-6114-H304,AMPLIFIER,2,,,,,"1,350.00","$2,700.00","$4,751.00",,
1R-A35B,,FANUC,A06B-6200-H026,AMP,1,,,,137572,"2,341.00",2341,,,
1R-A35B,,FANUC,A06B-6220-H206,AMPLIFIER,1,,,,,"1,486.00","$1,486.00",$0.00,,
1R-A35C,S010430,FANUC ,A06B-6117-H304,AMPLIFIER,1,,,,,"1,425.00","$1,425.00","$4,751.00",,
1R-A35D,S010422,FANUC ,A06B-6124-H105,AMPLIFIER,1,,,,,"1,571.00","$1,571.00","$3,605.00",,
1R-A36A,?,FANUC,A06B-6076-H104,AMPLIFIER,2,,,,,"3,475.00","$6,950.00","$3,875.00",,
1R-A36B,,MITSUBISHI,GT2712-STBA,OPERATION TERMINAL,1,,,,,1.00,1,,,
1R-A37A,S002134,FANUC,A06B-6093-H102,AMPLIFIER,0,,,,,654.00,$0.00,"$2,402.30",,
1R-A37A,S002134,FANUC,A06B-6093-H102,AMPLIFIER,1,,,,133914,793.00,$793.00,"$1,516.00",,
1R-A37A,S002134,FANUC,A06B-6093-H102,AMP,2,,,,133913,793.00,1586,"$1,516.00",,
1R-A37B,S008210,FANUC,A06B-6093-H112,AMPLIFIER,0,,,,,800.00,$0.00,"$1,516.00",,
1R-A37B,S008210,FANUC,A06B-6093-H112,AMPLIFIER,0,,,,127865,830.00,$0.00,"$1,516.00",,
1R-A37B,S008210,FANUC,A06B-6093-H112,AMP,5,,,,,830.00,4150,"$1,516.00",,
1R-A37C,,FANUC,A06B-0212-B675,MOTOR,1,,,,,1.00,$1.00 ,,,
1R-A38A,?,FANUC,A02B-0166-B501,AMPLIFIER,2,,,,,"1,050.00","$2,100.00",,,
1R-A38B,S010417,FANUC,A16B-2203-0881,AMPLIFIER,3,,,,,675.00,"$2,025.00",$682.00,,
1R-A38C,,FANUC,A16B-2203-0370,BOARD,1,,,,,,,,,
1R-A39A,S002125,FANUC,A06B-6058-H223,AMPLIFIER,1,,,,,"1,002.00","$1,002.00","$4,477.00",,
1R-A39B,,VIGOSERVO,ARS15-06,AMPLIFIER,4,,,,,"1,075.00","$4,300.00","$2,827.00",,
1R-A39C,S015426,VIGOSERVO,ARN15-A,AMPLIFIER,2,,,,,"1,215.00","$2,430.00","$2,827.00",,
1R-A40A,S004836,FANUC,A06B-6058-H005,AMPLIFIER,3,,,,,750.00,"$2,250.00","$2,996.00",,
1R-A40B,,FANUC,A06B-6058-H004,AMPLIFIER,3,,,,,"1,750.00","$5,250.00","$3,483.00",,
1R-A41A,,YASKAWA,SGDR-C0A040A01B,CONVERTER,1,,,,,1.00,$1.00 ,,,
1R-A41B,,FANUC,J4-J5 WRIST,WRIST,1,,,,,"1,630.00","$1,630.00","$4,171.80",,
1R-A41C,,FANUC,A05B-2400-C060,2 SLOT BACKPLANE,1,,,,129242,295.00,$295.00,,,
1R-A42A,S004850,FANUC,A06B-6093-H151,AMPLIFIER,10,,,,,734.00,"$7,340.00","$1,898.00",,
1R-A42B,?,FANUC,A06B-6114-H103,AMPLIFIER,1,,,,,"1,065.00","$1,065.00","$3,192.00",,
1R-A43A,?,FANUC,A02B-0198-B501,AMPLIFIER,1,,,,,925.00,$925.00,,,
1R-A43B,?,FANUC,A02B-0198-B531,AMPLIFIER,1,,,,,575.00,$575.00,,,
1R-A43C,S002061,FANUC ,A06B-6059-H206,AMPLIFIER,1,,,,,"1,250.00","$1,250.00","$6,864.00",,
1R-A44A,S004837,FANUC,A06B-6058-H006,AMPLIFIER,1,,,,,"1,175.00","$1,175.00","$3,202.00",,
1R-A44B,,FANUC,A05B-2490-C375,TEACH PENDANT,1,,,,,"1,430.75","$1,430.75",,,
1R-A44C,,FANUC,A06B-6117-H303,AMP,1,,,,136711,"1,937.00","$1,937.00","$4,494.00",,
1R-A45A,S015050,FANUC,A06B-6400-H102,AMPLIFIER,1,,,,,"3,796.00","$3,796.00","$12,706.00",,
1R-A45A,S015050,FANUC,A06B-6400-H102,AMPLIFIER,1,,,,,"3,192.00","$3,192.00","$12,706.00",,
1R-A45A,S015050,FANUC ,A06B-6400-H102,AMPLIFIER,3,,,,,"3,102.00","$9,306.00","$12,706.00",,
1R-A45A,S015050,FANUC,A06B-6400-H102,AMPLIFIER,0,,,,130758,"8,571.43",$0.00,"$12,706.00",,
1R-A45B,,FAR EAST MACHINE,FEM-1CP,CONTROL UNIT,1,,,,,0.00,$0.00 ,,,
1R-A46A,S011073,FANUC ,A06B-6100-H003,AMPLIFIER,5,,,,,"3,950.00",19750,"$16,973.00",,
1R-A46B,,FUJI,FRN3.7G11S-2,DRIVE,1,,,,126138,648.00,648,,,
1R-A47A,,FANUC,A05B-2490-C175,TEACH PENDANT,1,,,,,"1,584.00",1584,"$5,795.20",,
1R-A47B,S005765,FANUC,A05B-2301-C195,TEACH PENDANT,2,,,,,"1,674.00",3348,"$8,130.00",,
1R-A47B,S005765,FANUC,A05B-2301-C195,TEACH PENDANT,1,,,,133413,"1,664.00",1664,"$8,130.00",,
1R-A47C,S007176,FANUC,A05B-2490-C171,TEACH PENDANT,1,,,,,"1,275.00",1275,"$10,549.00",,
1R-A48A,?,FANUC,A05B-2255-C100,TEACH PENDANT,1,,,,,1.00,$1.00 ,"$6,027.00",,
1R-A48B,,FANUC,A05B-2490-C371,TEACH PENDANT,3,,,,,"1,375.00",4125,"$5,795.20",,
1R-A48C,,FANUC,A05B-2518-C306#EGN,TEACH PENDANT,1,,,,,"1,375.00",1375,"$8,129.40",,
1R-A49A,S005765,FANUC,A05B-2301-C375,TEACH PENDANT,2,,,,123616,"1,583.00",3166,"$8,130.00",,
1R-A49A,S005765,FANUC,A05B-2301-C375,TEACH PENDANT,1,,,,128546,"1,652.00",1652,"$8,130.00",,
1R-A49A,S005765,FANUC,A05B-2301-C375,TEACH PENDANT,1,,,,,"1,600.00",1600,"$8,130.00",,
1R-A49A,S005765,FANUC,A05B-2301-C375,TEACH PENDANT,0,,,,129230,"1,643.00",0,"$8,130.00",,
1R-A49A,S005765,FANUC,A05B-2301-C375,TEACH PENDANT,3,,,,,"1,375.00",4125,"$8,130.00",,
1R-A49B,,FANUC,A05B-2255-C105,TEACH PENDANT,0,,,,,1.00,$0.00 ,$1.00,,
1R-A49C,,FANUC,A05B-2518-C202,TEACH PENDANT,1,,,,,"1,865.00",1865,"$15,207.50",,
1R-A50A,S009519,FANUC,A06B-6105-H002,AMPLIFIER,1,,,,,"2,750.00",2750,"$15,208.00",,
1R-A50A,S009519,FANUC,A06B-6105-H002,AMPLIFIER,2,,,,,"2,125.00",4250,"$15,208.00",,
1R-A51B,,TELESIS,TMP1700,PINSTAMP,1,,,,,"1,412.00",1412,,,
1R-A51B,,TELESIS,TMP1700,PINSTAMP,1,,,,130430,"1,510.00",1510,,,
1R-A52A,,FANUC,A05B-2301-C362,TEACH PENDANT,1,,,,,1.00,$1.00 ,,,
1R-A52B,S000908,FANUC,C0M-2(PC)F,PC BOARD,1,,,,,300.00,$300.00 ,,,
1R-A52C,S003999,NEMIC-LAMBDA,HR-10F-24,POWER SUPPLY,1,,,,,1.00,$1.00 ,,,
1R-A52D,S015218,RHINO,PSP24-240S,POWER SUPPLY,1,,,,,1.00,1,,,
1R-A53A,?,FANUC,A05B-2301-C315,TEACH PENDANT,2,,,,,"1,956.00",3912,"$2,890.00",,
1R-A53B,?,FANUC,A02B-0211-C030,TEACH PENDANT,1,,,,,"1,225.00",1225,"$11,635.05",,
1R-A53C,S007176,FANUC,A05B-2490-C140,TEACH PENDANT,1,,,,125833,"1,829.00",1829,"$10,549.00",,
1R-A53C,S007176,FANUC,A05B-2490-C140,TEACH PENDANT,0,,,,,"1,375.00",0,"$10,549.00",,
1R-A54A,S008333,FANUC,A05B-2301-C305,TEACH PENDANT,5,,,,,"1,327.00",6635,"$5,726.00",,
1R-A54A,S008333,FANUC,A05B-2301-C305,TEACH PENDANT,1,,,,133333,"1,372.00",1372,"$5,726.00",,
1R-A54B,S000012,NSD,AL220-7A1,CONTROLLER,1,,,,,"1,295.00",1295,"$1,689.00",,
1R-A54C,,FANUC,A05B-2301-C370,TEACH PENDANT,0,,,,,"1,264.00",0,,,
1R-A55A,S005764,FANUC,A02B-0211-C020,TEACH PENDANT,7,,,,,"1,095.00",7665,"$2,890.00",,
1R-A55A,S005764,FANUC,A02B-0211-C020,TEACH PENDANT,2,,,,117964,"1,095.00",2190,"$2,890.00",,
1R-A55A,S005764,FANUC,A02B-0211-C020,TEACH PENDANT,4,,,,,"1,375.00",5500,"$2,890.00",,
1R-A55B,,FUJI,BU-KSB3350,350 AMP BREAKER,1,,,,,1.00,1,,,
1R-A55C,?,FANUC,A05B-2301-C300,TEACH PENDANT,1,,,,,"1,375.00",1375,"$1,740.00",,
1R-A56A,S009602,CONTROL CONCEPTS,1029D or 1029C-V-208V-120-R4,CONTROLLER,2,,,,125102,563.00,1126,"$1,740.00",,
1R-A56A,S009602,CONTROL CONCEPTS,1029D or 1029C-V-208V-120-R4,POWER CONTROLLER,2,,,,,"1,225.00",2450,"$1,740.00",,
1R-A56B,,SANYO DENKI,PZ0A050A221T00,AMPLIFIER,1,,,,,"2,145.00",2145,,,
1R-A56B,,SANYO-DENKI,PZ0A050A221T00,AMPLIFIER,0,,,,124695,"2,170.00",0,,,
1R-A56B,,SANYO-DENKI,PZ0A050A221T00,AMPLIFIER,1,,,,122774,"2,157.00",2157,,,
1R-A56B,,SANYO-DENKI,PZ0A050A221T00,AMPLIFIER,3,,,,125464/125465,"2,750.00",8250,,,
1R-A56B,,SANYO-DENKI,PZ0A050A221T00,AMPLIFIER,0,,,,125463/125462,"2,300.00",0,,,
1R-A57A,,SANYO DENKI,PZ0A050AME1T00,AMP,1,,,,127384,"2,150.00",2150,,,
1R-A57B,,HONEYWELL,RM7890B1048,BURNER CONTROL,1,,,,,495.00,495,,,
1R-A57C,,HONEYWELL,RM7890 B 1030,BURNER CONTROL,1,,,,124693,595.00,595,,,
1R-A57D,,HONEYWELL,DC2500-E0-0L00-100-10000-00-,,2,,,,122766,540.00,1080,,,
1R-A58A,S002721,MITSUBISHI,FR-A740-00060-NA,INVERTER,1,,,,,1.00,1,$963.00,,
1R-A58B,S0011957,FUJI ELECTRONICS,FRN1.5G11S-2,INVERTER,0,,,,,1.00,0,$852.00,,
1R-A58C,S002719,MITSUBISHI,FR-A024-2.2KP,INVERTER,1,,,,,1.00,1,$754.00,,
1R-A58D,S003699,FANUC,A16B-1212-0871,CIRCUIT BOARD,7,,,,,592.00,4144,"$1,506.00",,
1R-A59A,S010456,MITSUBISHI,FR-E740-300-NA,INVERTER,4,,,,,511.00,2044,"$3,184.00",,
1R-A59B,,MITSUBISHI,FR-A540-5.5K-NA,INVERTER,1,,,,,"1,125.00",1125,"$3,184.00",,
1R-A60A,S002721,MITSUBISHI,FR-A740-00230-NA,INVERTER,0,,,,125830/125855,"1,127.00",0,,,
1R-A60B,,MITSUBISHI,FR-D740-012-NA,INVERTER,1,,,,,265.00,265,,,
1R-A60C,S006166,RELIANCE,SP500,INVERTER,1,,,,,1.00,1,,,
1R-A61A,S007046,MITSUBISHI,FR-A540-7.5K,INVERTER,1,,,,,"1,218.00",1218,"$1,468.00",,
1R-A61B,,ALLEN-BRADLEY,20AD014A3A77ANNN,INVERTER,1,,,,,1.00,1,,,
1R-A61C,,FANUC,A05B-2255-C102,TEACH PENDANT,1,,,,,"1,486.00",1486,,,
1R-A62A,S007046,MITSUBISHI,FR-A540-11K-NA,INVERTER,1,,,,,"1,125.00",1125,"$1,468.00",,
1R-A62B,,OMRON,NS8-TV00-V2,INTERACTIVE DISPLAY,0,,,,,1.00,0,,,
1R-A62C,S010448,SANYO-DENKI,QS1A10AA,SERVO DRIVE,1,,,,,"2,290.00",2290,$1.00,,
1R-A63A,S003696,FANUC,A16B-1010-0286,CIRCUIT BOARD,1,,,,,825.00,825,"$5,017.00",,
1R-A63B,S000898,FANUC,A16B-2203-0111,BOARD,1,,,,,1.00,1,"$1,030.00",,
1R-A64A,S002118,FANUC,A20B-8100-0136,CIRCUIT BOARD,4,,,,,"1,290.00",5160,"$2,519.00",,
1R-A64B,?,FANUC,A20B-1007-0491,BOARD OMRON,1,,,,,1.00,1,,,
1R-A64C,,SHINKO ELECTRIC,SA-DM-299AW,DISPLACEMENT METER,1,,,,122206,530.00,530,,,
1R-A64D,S000883,FANUC,A16B-2200-0390,CIRCUIT BOARD,2,,,,,"1,460.00",2920,"$3,128.00",,
1R-A64E,S000894,FANUC,A16B-2202-0720,CIRCUIT BOARD,4,,,,,"1,320.00",5280,"$2,334.00",,
1R-A64F,S010417,FANUC ,A16B-2203-0881,CPU BOARD,2,,,,,675.00,1350,$682.00,,
1R-A65A,,SHOUN,34-1071,BOARD,1,,,,,250.00,250,,,
1R-A65B,S014720,OKK (JAPAN),YM9094899A,BOARD,1,,,,,300.00,300,,,
1R-A65C,S003711,FANUC,A20B-2000-0170,CIRCUIT BOARD,1,,,,,800.00,800,"$1,497.00",,
1R-A65D,S002087,FANUC,A16B-2100-0200/05D-R,CIRCUIT BOARD,1,,,,,220.00,220,"$5,992.00",,
1R-A65E,?,FANUC,A16B-1100-0280,CIRCUIT BOARD,1,,,,,800.00,800,"$2,968.65",,
1R-A65F,,FANUC,A03B-0815-C001,I/O MODULE,2,,,,,250.00,500,$782.00,,
1R-A66A,?,FANUC,A20B-8100-0530/05B,CIRCUIT BOARD,1,,,,,385.00,385,"$2,138.81",,
1R-A66B,,LAMBDA,EWS100-24 AYL-816KG1-0184-P357,POWER SUPPLY,1,,,,,255.00,255,,,
1R-A66C,?,FANUC,A16B-2200-036X,CIRCUIT BOARD,1,,,,,"1,200.00",1200,,,
1R-A66D,S003700,FANUC,A16B-1212-0901,CIRCUIT BOARD,3,,,,,579.00,1737,"$1,180.00",,
1R-A66E,S001249,OMRON,C200H-CT001-V1,COUNTER UNIT,2,,,,,212.00,424,$696.00,,
1R-A66F,S000895,FANUC,A16B-2202-0726,CIRCUIT BOARD,1,,,,,"1,275.00",1275,"$1,766.00",,
1R-A67A,,LAMBDA,EWS100-24 AYL-941K06-0343-P468,POWER SUPPLY,1,,,,,255.00,255,$860.00,,
1R-A67B,S003706,FANUC,A16B-2203-0030,CIRCUIT BOARD,3,,,,,"1,155.00",3465,"$2,034.00",,
1R-A67C,,OMRON,C200H-RT201,,2,,,,,1.00,2,,,
1R-A67D,,COSMO,DFR-720,FLOW METER,1,,,,,"1,595.00",1595,"$1,247.06",,
1R-A68A,,SANYO-DENKI,PZ0A050A211T00,AMPLIFIER,0,,,,,"1,687.00",0,"$3,416.00",,
1R-A68B,S002094,FANUC,A16B-3200-0210,PC BOARD,2,,,,,"1,975.00",3950,"$2,969.00",,
1R-A68C,S005772,TELESIS,TMC-420,CONTROLLER,4,,,,,"1,192.00",4768,"$7,731.70",,
1R-A69A,S010455,ALLEN-BRADLEY,22A-D2P3N104,INVERTER,1,,,,,575.00,575,$490.00,,
1R-A69B,S013704,SANYO-DENKI,QS1A05AA,AMPLIFIER,5,,,,,150.00,750,"$1,627.00",,
1R-A69C,S005939,HAKKO,V606EM20 (obsolete),TOUCH PANEL,2,,,,133917/133918,685.00,1370,OBSOLETE,,
1R-A70A,?,FANUC,A02B-0200-C101,KEYBOARD,1,,,,,1.00,1,,,
1R-A70B,?,FANUC ,A02B-0118-C131,POWER MATE,3,,,,,"1,200.00",3600,,,
1R-A71A,?,?,560G5A,CPU CARD,1,,,,,975.00,975,$1.00,,
1R-A71B,S011926,FANUC,A16B-3200-0412,CPU BOARD,1,,,,129243,"1,850.00",1850,"$5,576.00",,
1R-A71B,S011926,FANUC,A16B-3200-0412,CPU BOARD,1,,,,125818,"1,800.00",1800,"$5,576.00",,
1R-A71C,,,B6-970203101,,1,,,,,1.00,1,,,
1R-A71D,,,B6-970303146,,1,,,,,1.00,1,,,
1R-A71E,,INTERFACE,IBX-2792C,SDDV BOARD,0,,,,,140.00,0,,,
1R-A71F,,,B6-970203246,,1,,,,,1.00,1,,,
1R-A72A,S010723,FANUC,A20B-2100-0021,POWER MATE,1,,,,,500.00,500,"$2,671.00",,
1R-A72B,,FANUC,A06B-6079-H104,AMP,1,,,,137918,"1,860.00",1860,,,
1R-A72C,S004853,GIKEN,AU3524N214,,2,,,,,285.00,570,$478.00,,
1R-A72D,,LAMBDA,EWS600,POWER SUPPLY,1,,,,,1.00,1,,,
1R-A72E,S004003,LAMBDA,JWS150-24/508,POWER SUPPLY,2,,,,,181.00,362,$257.00,,
1R-A72F,S007561,IAI,ECON-A-600L-2,CONTROLLER,0,,,,,860.00,0,"$2,670.00",,
1R-A73A,,,FP001-N3,,1,,,,,100.00,100,,,
1R-A73B,S005937,OMRON,NT31-ST122B-EV2,TOUCH PANEL,0,,,,,865.00,0,"$1,100.00",,
1R-A73C,S002718,FANUC,A03B-0819-C011,INTERFACE MODULE,1,,,,,150.00,150,$504.00,,
1R-A73D,S010791,FANUC,A20B-2902-0531, PCB-4MB DRAM ,1,,,,,"1,100.00",1100,"$1,860.00",,
1R-A73E,S016032,FANUC,A20B-3900-0061,SRAM MODULE,0,,,,,850.00,0,"$1,719.00",,
1R-A73F,?,FANUC,A20B-3300-0030/05B,,1,,,,,"1,250.00",1250,,,
1R-A74A,,OMRON,C200H-OD212,OUTPUT CARD,1,,,,123087,175.00,175,$399.50,,
1R-A74B,?,FANUC,A290-0853-T400,,1,,,,,1.00,1,$1.00,,
1R-A74C,S014464,OMRON,CJ1W-PD025,DC POWER SPPLY,0,,,,,1.00,0,,,
1R-A74D,,MITSUBISHI,MR-J2S-60A,AMPLIFIER,1,,,,,250.00,250,,,
1R-A74E,,MITSUBISHI,MR-J2S-70B,AMPLIFIER,1,,,,,235.00,235,,,
1R-A75A,S012730,AC TECH,SF450,INPUT/OUTPUT MODULE,1,,,,,1.00,1,,,
1R-A75B,,VST,UC11,CONTROLLER,1,,,,,725.00,725,,,
1R-A75C,,SHIMADEN,PAC26 SERIES  SCR1,POWER REGULATOR,1,,,,,971.00,971,,,
1R-A75D,S001297,FANUC ,A16L-0001-0093,LCD INTERFACE,0,,,,,250.00,0,$896.00,,
1R-A76A,,SANYO DENKI,RS1A10AA,SERVO DRIVE,1,,,,,"1,895.00",1895,?,,
1R-A76B,S005978,FUJI,FRN0.75G9S-2,INVERTER,4,,,,,682.00,2728,"$11,015.00",,
1R-A76C,?,TECHNIFOR ,CN212CS P/K,CONTROLLER,2,,,,,"1,000.00",2000,"$6,450.00",,
1R-A77A,,OMRON ,S82J-60024,POWER SUPPLY,1,,,,,250.00,250,$461.70,,
1R-A77B,,FANUC,A20B-8200-0360,BOARD,1,,,,,1.00,1,$1.00,,
1R-A77C,,OMRON,S8VS-24024A,POWER SUPPLY,1,,,,,175.00,175,,,
1R-A77D,?,FANUC,A04B-0099-B301,CONTROL,1,,,,,1.00,1,,,
1R-A78A,,FANUC,B8-980402124,BOARD,1,,,,,1.00,1,,,
1R-A78B,S010970,SDDV,PC-ESD500-A,FLASH DRIVE,1,,,,,1.00,1,,,
1R-A78C,?,FANUC,A20B-2902-0021,FANUC BOARD,1,,,,,500.00,500,"$1,290.00",,
1R-A78D,S015179,FANUC,A20B-8200-0670,FANUC BOARD,1,,,,,425.00,425,$903.00,,
1R-A78E,,HORNER,HE800 MIX 901B,ANALOG UNIT,1,,,,,397.00,397,,,
1R-A78F,S004622,INTERFACE,IBX6201,BOARD,2,,,,,"1,000.00",2000,"$1,117.30",,
1R-A79A,S009572,HONEYWELL,DC170211101000,CONTROLLER,1,,,,,1.00,1,,,
1R-A79B,,TAIYO,TNA1-CU20,BOX,1,,,,,300.00,300,,,
1R-A79C,S005777,HONEYWELL,UDC-3200,CONTROLLER,1,,,,,1.00,1,,,
1R-A79D,?,FANUC,A320-2202-1724/04,BOARD,1,,,,,1.00,1,,,
1R-A79E,S000893,FANUC,A16B-2201-0480/03B,CIRCUIT BOARD,2,,,,,995.00,1990,"$3,334.00",,
1R-A79E,S000893,FANUC,A1BB-2201-0480,CIRCUIT BOARD,1,,,,126034,985.00,985,"$3,334.00",,
1R-A79F,S002099,FANUC,A20B-1003-0090,CIRCUIT BOARD,1,,,,,"1,298.85",1298.85,$979.00,,
1R-A80A,S012433,FANUC,A20B-2100-0421,PANEL BOARD,2,,,,,1.00,2,"$3,762.00",,
1R-A80B,?,FANUC,A290-0854-T400,CONNECTOR BOX,3,,,,,1.00,3,,,
1R-A80C,?,FANUC,A20B-3300-0030/04B,CIRCUIT BOARD,1,,,,,"1,350.00",1350,,,
1R-A80D,,ALLEN BRADLEY,1746-P1/A SLC500,POWER SUPPLY,1,,,,,1.00,1,,,
1R-A80E,,ALLEN BRADLEY,1746-OW16/D,OUTPUT MODULE,3,,,,,1.00,3,,,
1R-A80F,S006214,FANUC,A03B-0819-C172,I/O MODULE,2,,,,,1.00,2,$277.00,,
1R-A81D,,ALLEN BRADLEY,1747-L30A,,1,,,,,1.00,1,,,
1R-A81A,,DOOSAN,DASD-CT15SPXC-05,AMPLIFIER,0,,,,,720.00,0,,,
1R-A81B,,,F4928-S111786,CONNECTOR BOARD,0,,,,,1.00,0,,,
1R-A81C,S007627,OMRON,C200H-ID501,INPUT CARD,1,,,,,1.00,1,,,
1R-A82A,S004023,FANUC,A16B-1310-0010,POWER UNIT,1,,,,,319.00,319,"$1,212.00",,
1R-A82B,S007581,OMRON,NS8-TV10-V1,INTERACTIVE DISPLAY,1,,,,,840.00,840,"$1,436.00",,
1R-A82C,S007404,KEYENCE,VT2-10SB,TOUCH SCREEN,2,,,,,"1,050.00",2100,"$4,030.00",,
1R-A82D,S003709,FANUC,A16B-3200-0330,FANUC BOARD,5,,,,,"1,735.00",8675,"$7,516.00",,
1R-A83A,,GIKEN,AU3525N1,POWER SUPPLY UNIT,2,,,,,285.00,570,,,
1R-A84A,S007561,IAI,EC0N-A-600BL-2,CONTROL BOX,2,,,,124913,875.00,1750,"$2,670.00",,
1R-A83B,,OMRON,CS1G-CPU42H,CPU,0,,,,,1.00,0,$640.00,,
1R-A83C,,HAKKO,V708CD,AMP / SCREEN,3,,,,,"1,100.00",3300,"$1,435.00",,
1R-A84B,S008699,FUJI,V808iCD,TOUCH SCREEN,1,,,,,715.00,715,"$1,435.00",,
1R-A84B,S008699,FUJI,V808iCD,TOUCH SCREEN,0,,,,124692/123364,"1,565.00",0,,,
1R-A85A,?,FANUC,A20B-2102-0050,CIRCUIT BOARD,2,,,,130433/130434,860.00,1720,,,
1R-A85B,,OMRON,S8VS-12024A/ED2,POWER SUPPLY,1,,,,,195.00,195,,,
1R-A85C,S003989,FANUC,A16B-1212-0100,CIRCUIT BOARD,1,,,,,"1,400.00",1400,"$1,729.00",,
1R-A85D,,ALLEN-BRADLEY,IEC/EN60947-4-2,SOFT STARTER,1,,,,,1.00,1,,,
1R-A85E,,,ARMB11G,CIRCUIT BOARD,1,,,,,1.00,1,,,
1R-A85F,,,N860-1613-T001,PANEL BOARD,1,,,,,1.00,1,,,
1R-A86A,?,,A320-2203-1036/02,CIRCUIT BOARD,0,,,,,1.00,0,,,
1R-A86B,S002098,FANUC,A20B-1001-0731,CIRCUIT BOARD,1,,,,,675.00,675,"$2,625.00",,
1R-A86C,S016184,MITSUBISHI,MDS-DH-V2-4040,SERVO DRIVE,1,,,,,"1,665.00",1665,"$3,700.00",,
1R-A86D,,PATLITE,GSC-1000GR4-W,TOUCH PANEL,2,,,,,790.00,1580,"$2,390.00",,
1R-A86E,,OMRON,CJ1W-0D261,OUTPUT MODULE,0,,,,127383,395.00,0,,,
1R-A86F,,OMRON,NT31-ST121-V2,TOUCH PANEL,1,,,,,595.00,595,"$1,093.91",,
1R-A87A,,OMRON,CS1W-OD211,OUTPUT CARD,1,,,,,1.00,1,$194.00,,
1R-A87B,S004004,LAMBDA,HR-9F-24,POWER SUPPLY,1,,,,,"1,350.00",1350,$200.00,,
1R-A87B,S004004,LAMBDA,HR-9F-24,POWER SUPPLY,1,,,,,,,,,
1R-A87C,?,FANUC,A03B-0819-C162,OUTPUT MODULE,2,,,,,225.00,$450.00,$503.48,,
1R-A87D,,MITSUBISHI,SD-N11,MAGNETIC CONTACTOR,1,,,,122207,145.00,$145.00,,,
1R-A87E,,GE FANUC ,IC693PWR321S,POWER SUPPLY,1,,,,,100.00,$100.00,?,,
1R-A87F,S011805,FANUC,A05B-2400-C120,E-STOP UNIT,3,,,,,225.00,$675.00,$443.00,,
1R-A88A,,FANUC,A86L-0001-0279,KEYPAD,1,,,,,820.00,$820.00,,,
1R-A88B,,PROMESS,A8F0014865,MINI PRO,2,,,,,1.00,$2.00,,,
1R-A88C,,OMRON,NT631C-ST141B-EV2,SCREEN,1,,,,,680.00,$680.00,,,
1R-A89A,?,FANUC,A16L-0001-0093,POWER BOX,1,,,,,1.00,1,,,
1R-A89A,,,A16L-0001-0093,,1,,,,,1.00,$1.00,,,
1R-A89B,S09750,PATLITE,GM-1000R4-W,DISPLAY CONTROLLER,0,,,,,"1,298.00",$0.00,"$2,390.00",,
1R-A89C,S002092,FANUC,A16B-2202-0860,CIRCUIT BOARD,4,,,,,810.00,"$3,240.00","$2,569.00",,
1R-A90A,,FANUC,A05B-2601-C410,E-STOP UNIT,1,,,,136183,"1,175.00","$1,175.00 ",,,
1R-A90B,S009750,PATLITE,GM-1220TCR,SIGNAL DISPLAY,1,,,,127368,545.00,$545.00,"$5,666.00",,
1R-A90C,,FANUC,A16B-2202-0721,PC BOARD,1,,,,,"1,480.00","$1,480.00",,,
1R-C02E,,TOYOKI,HPP-VC2V-F114AD-EE-A,VALVE,2,,,,,1.00,$2.00,,,
1R-C02F,S010887,VICKERS,PVQ10A2RSE1920C21012,VALVE,1,,,,,1.00,$1.00,,,
1R-C02G,S010506,VICKERS,PVM018ER01AE01AAA28000000A0A,PUMP,1,,,,,"1,329.00","$1,329.00",,,
1R-C02H,,VICKERS,PFV125T2C12R1BFV1,PUMP,1,,,,,1.00,$1.00,,,
1R-C03A,S012592,TOKYO,F11-SQP3-30-86B-LH-18,VALVE,2,,,,,1.00,$2.00,,,
1R-C03B,S010811,TOKYO,F11-SQP3-32-86B-18L,VALVE,1,,,,,1.00,$1.00,,,
1R-C03C,S012734,TOKYO,F11-SQP3-35-86D-18LH,VALVE,1,,,,,1.00,$1.00,,,
1R-C03D,,VICKERS,5525V30A171BB,VALVE,0,,,,,1.00,$0.00,,,
1R-C03E,,VICKERS,3520V38A-1BB20,VALVE,1,,,,,1.00,$1.00,,,
1R-C03F,,VICKERS,3P3D-16GCC,VALVE,3,,,,,1.00,$3.00,,,
1R-CO6A,,FANUC,J4-J5 WRIST,WRIST,1,,,,,1.00,$1.00,,,
1R-D02A,,GRUNDFOS,CHI240-BQQV,VALVE,1,,,,,1.00,$1.00,,,
1R-D02B,?,EBARA,93834462,PUMP,1,,,,,1.00,$1.00,,,
1R-D02C,,SMC,YCN5644-P1,PUMP,1,,,,,1,$1.00,,,
1R-D02D,,DYNA QUIP,MA20A1AB100,COLLANT PUMP,1,,,,,1.00,$1.00,,,
1R-D02F,S004217,TERAL KYOKUTO,VKP095AF,COLLANT PUMP,1,,,,,1.00,$1.00,,,
1R-D02G,S001219,TERAL KYOKUTO,VKP095A,COLLANT PUMP,1,,,,,1.00,$1.00,,,
1R-D02H,?,,22751,COOLANT PUMP,0,,,,,1.00,$0.00,,,
1R-D02I,S001220,MITSUBISHI,NQD-751,COOLANT PUMP,2,,,,,1.00,$2.00,,,
1R-D03A,S012147,BRINKMANN,TE142S470+001,COOLANT PUMP ,1,,,,,1.00,$1.00,,,
1R-D03B,S004240,TERAL KYOKUTO,LPW404C-3.0,HKD3 COOLANT PUMP,0,,,,,1.00,$0.00,,,
1R-D03C,,TOSHIBA,(LEBONAN POWER 11961),MOTOR,1,,,,,1.00,$1.00,,,
1R-D03D,?,,DFT100L4BM64MR,MOTOR,1,,,,,1.00,$1.00,,,
1R-D03E,?,SERFIL CO,G62091,COOLANT PUMP,1,,,,,1.00,$1.00,,,
1R-D03F,S009951,GUSHER,11019-AVD-SE-A-3.5,COOLANT PUMP,1,,,,,1.00,$1.00,,,
1R-D03G,,NTB,LF80/2C-11,,1,,,,,1.00,$1.00,,,
1R-D04A,,LEESON,N284T11FK23,MOTOR,1,,,,,1.00,$1.00,,,
1R-D04B,,BALDOR,M106151X978G1,MOTOR,1,,,,,1.00,$1.00,,,
1R-D04C,,HITACHI ,TF0-4HD,MOTOR,4,,,,,1.00,$4.00,,,
1R-D05A,?,FANUC,A290-0854-X501,FAN HOUSING,2,,,,,1.00,$2.00,,,
1R-D05B,,FANUC,A90L-0001-0442/R1,ASSEMBLY,2,,,,,1.00,$2.00,,,
1R-D05C,S007754,FANUC,A06B-0267-B605,MOTOR,0,,,,,"1,788.00",$0.00,,,
1R-D05D,S008495,FANUC,A06B-0034-B075,MOTOR,0,,,,,"1,281.00",$0.00,"$2,031.00",,
1R-D05E,,MITSUBISHI,FR-A540-1.5K-NA,INVERTER,1,,,,,1.00,$1.00,"$1,025.00",,
1R-D05F,,FANUC,P50B08100DXSSD,MOTOR,1,,,,,1.00,$1.00,,,
1R-D06A,,NORD,200982486-100  SK71L\4,MOTOR,1,,,,,1.00,$1.00,,,
1R-D06B,S005977,FUJI,FRNO.4G95-2,INVERTER,1,,,,,1.00,$1.00,,,
1R-D06C,,HITACHI,B266709 YIFO 1.5 KW,MOTOR,1,,,,,1.00,$1.00,,,
1R-D06D,,BALDOR,VM3554T,MOTOR,1,,,,,1.00,$1.00,,,
1R-A95C,S012335,NEC,NFT-101RM1-S,NUT RUNNER,1,,,,,1.00,$1.00,"$4,388.00",,
1R-A96A,S003708,FANUC,A16B-3200-0040,CIRCUIT BOARD,0,,,,,1.00,$0.00,"$2,612.00",,
1R-A95C,S012335,NEC,NFT-101RM1-S,NUT RUNNER,1,,,,,1.00,$1.00,,,
1R-A95D,S002677,FANUC,A03B-0819-C105,MODULE,1,,,,,270.00,$270.00,$463.00,,
1R-A91D,S014464,OMRON,CJ1W-PA202,PWR SUPPLY UNIT,2,,,,,175.00,$350.00,,,
1R-A91A,S004022,FANUC,A16B-1212-0110,CIRCUIT BOARD,1,,,,,"1,275.00","$1,275.00","$1,052.00",,
1R-A92A,S004003,LAMBDA,HR-12F-24,POWER SUPPLY,0,,,,,250.00,$0.00,$258.00,,
1R-A91B,?,FANUC,A16B-1212-0930,CIRCUIT BOARD,2,,,,,921.00,"$1,842.00","$2,663.00",,
1R-A91C,,STANDARS CO,SRB-MS-1LK5,INTERLOCK MODULE,1,,,,,1.00,$1.00,,,
1R-A91D,,OMRON,CJ1W-PA202,,2,,,,,,,,,
1R-A92B,S008641,SHINKO,SA-DM-475AIW,METER,4,,,,12208/122209/124017,530.00,"$2,120.00","$2,731.50",,
1R-A92B,S008641,SHINKO,SA-DM-475AIW,METER,2,,,,120988,645.00,$645.00,"$2,731.50",,
1R-A92C,?,FANUC ,A20B-2902-0060,CIRCUIT BOARD,2,,,,,500.00,"$1,000.00","$2,591.00",,
1R-A92D,S003619,FANUC ,A03B-0819-C155,OUTPUT MODULE,1,,,,,150.00,$150.00,$219.00,,
1R-A92E,S017599,PRO-FACE,LT3300-T1-D24-C,TOUCH SCREEN,0,,,,,620.00,$0.00,"$1,330.00",,
1R-A92F,S003619,FANUC,A03B-0807-C155,CARD,1,,,,,100.00,$100.00,$219.00,,
1R-A93A,S012016,OMRON ,NS8-TV00-B-V2,TOUCH PANEL ,0,,,,,840.00,$0.00,"$2,390.00",,
1R-A93B,S010818,FANUC,A20B-2001-0902,PC BOARD,1,,,,,495.00,$495.00,$487.00,,
1R-A93C,,INGERSOLL-RAND,B243-01288-GCE,CONTROLLER,1,,,,,1.00,$1.00,,,
1R-A93D,S002090,FANUC,A16B-2202-0720,PC BOARD,4,,,,,"1,320.00","$5,280.00","$2,334.00",,
1R-A93E,S013577,MAZAK,D65UB004832,CONNECT BOARD,1,,,,,1.00,$1.00,,,
1R-A93F,S012546,FANUC,A20B-2100-0470,RJS PANEL BOARD,1,,,,,"1,800.00","$1,800.00","$4,606.00",,
1R-A94A,S005939,HAKKO,V606/M10,TOUCH SCREEN,0,,,,,1.00,$0.00,,,
1R-A94B,,,PS3N-E24A2,OUTPUT/INPUT CARD,1,,,,,1.00,$1.00,,,
1R-A94C,S007629,OMRON,C200H-MAD01,A/D UNIT,1,,,,,1.00,$1.00,,,
1R-A94D,S000195,HONEYWELL,RM7890B1014,FLAME AMPLIFIER,2,,,,,300.00,$600.00,$374.00,,
1R-A94E,,PROFACE,3180034-02,SCREEN,1,,,,,1.00,$1.00,,,
1R-A94F,,OMRON,C200H-OD219,OUTPUT CARD,5,,,,,300.00,"$1,500.00","$2,722.89",,
1R-A95A,?,FANUC,A16B-3200-0260,CIRCUIT BOARD,5,,,,,"1,290.00","$6,450.00",,,
1R-A95B,?,FANUC,A20B-8200-0720,BOARD,1,,,,,1.00,$1.00,"$3,674.00",,
1R-A95C,,,NFT-101RM1-S,,1,,,,,"3,115.00","$3,115.00",,,
1R-A95D,S002677,FANUC,A03B-0819-C105,MODULE,2,,,,,270.00,$540.00,$463.00,,
1R-A96A,S003708,FANUC,A16B-3200-0040,CIRCUIT BOARD,0,,,,,1.00,$0.00,"$2,612.00",,
1R-A96A,,MITSUBISHI,MR-J3-DU55KB4,SERVO DRIVE,1,,,,,"6,600.00","$6,600.00",,,
1R-A96B,S013712,FANUC,A06B-6110-H006,POWER SUPPLY,2,,,,,"1,586.00","$3,172.00","$3,757.00",,
1R-A96C,S002117,FANUC,A20B-8001-0721,PC BOARD,1,,,,,1.00,$1.00,$800.00,,
1R-A97A,S000899,FANUC,A16B-3200-0190,MAIN BOARD ,9,,,,,"1,525.00","$13,725.00","$2,827.00",,
1R-A97B,?,FANUC ,A06B-6110-H105,AMPLIFIER,1,,,,,"1,200.00","$1,200.00","$9,990.00",,
1R-A97C,,KEYENCE,VT3-V10,TOUCH PANEL,1,,,,,995.00,$995.00,,,
1R-A98A,S003713,FANUC,A20B-2000-0670,PC BOARD,1,,,,,1.00,$1.00,$736.00,,
1R-A98B,S016374,FANUC,A20B-2002-0470,PC BOARD,1,,,,,550.00,$550.00,$982.00,,
1R-A98C,,FUJI ELECTRONICS,FRN1.5G9S-2,INVERTER,1,,,,,1.00,$1.00,"$3,184.00",,
1R-A98D,,FANUC,A02B-0259-B501,PC BOARD,0,,,,,"2,515.00",$0.00,"$5,795.00",,
1R-A98E,S004017,RIKO,VSCP-100-N,MODULE,0,,,,120376,765.00,$0.00,"$1,038.10",,
1R-A98E,S004017,RIKO,VSCP-100-N,VARITAP,0,,,,,795.00,$0.00,"$1,038.10",,
1R-A99A,,FANUC,A02B-0211-B501,POWER MATE,2,,,,,"1,485.00","$2,970.00",,,
1R-A99B,S012488,FEC,NFT-401RM3A-S,NUT RUNNER,2,,,,,"3,845.00","$7,690.00","$1,746.00",,
1R-A99C,S002270,HONEYWELL,C7061A1046,PURPLE PEEPER,51,,,,,600.00,"$30,600.00","$1,265.00",,
1R-C02A,,DAIKIN,088A-2V2-3-30-844,VALVE,1,,,,,1.00,$1.00,"$1,898.00",,
1R-C02B,S006899,DAIKIN,TM10AI-2V23 ATNN 20 144,MOTOR,1,,,,,1.00,$1.00,,,
1R-C02C,,DAIKIN,KS0-G022CA-20N,SOLENOID VALVE,1,,,,,1.00,$1.00,,,
1R-C02D,,PARKER,PLUC33B2R225 ,VALVE,1,,,,,1.00,$1.00,,,
1R-C02D,,PARKER,PLUC33B2R225 ,VALVE,1,,,,,1.00,$1.00,,,
1R-C02E,,TOYOKI,HPP-VC2V-F114AD-EE-A,VALVE,2,,,,,1.00,$2.00,,,
1R-C02F,S010887,VICKERS,PVQ10A2RSE1920C21012,VALVE,1,,,,,1.00,$1.00,,,
1R-C02G,S010506,VICKERS,PVM018ER01AE01AAA28000000A0A,PUMP,1,,,,,"1,329.00","$1,329.00",,,
1R-C02H,,VICKERS,PFV125T2C12R1BFV1,PUMP,1,,,,,1.00,$1.00,,,
1R-C03A,S012592,TOKYO,F11-SQP3-30-86B-LH-18,VALVE,1,,,,,1.00,$1.00,,,
1R-C03B,S010811,TOKYO,F11-SQP3-32-86B-18L,VALVE,1,,,,,1.00,$1.00,,,
1R-C03C,,TOKYO,F11-SQP3-35-86D-18LH,VALVE,1,,,,,1.00,$1.00,,,
1R-C03D,,VICKERS,5525V30A171BB,VALVE,0,,,,,1.00,$0.00,,,
1R-C03E,,VICKERS,3520V38A-1BB20,VALVE,0,,,,,1.00,$0.00,,,
1R-C03F,,VICKERS,3P3D-16GCC,VALVE,1,,,,,1.00,$1.00,,,
1R-C03G,,FANUC,A06B-6200-H026,POWER SUPPLY,0,,,,,"1,630.00",$0.00,"$8,643.00",,
1R-C06B,,,YD 90L-4/2,POLE-CHANGING MOTOR,1,,,,,1.00,$1.00,,,
1R-C06C,,MARATHON,VD56C17F5322J,,0,,,,,1.00,$0.00,,,
1R-C06D,,TOKYO,EPFRCG-06-175-500-EX-10-S7,FLOW VALVE,0,,,,,1.00,$0.00,,,
1R-C06E,S008680,,HIGH VAC SHUT OFF UNIT,SHUT OFF UNIT,0,,,,,1.00,$0.00,,,
1R-C06F,,MITSUBISHI,FR-A540-30K-NA,DRIVE,1,,,,,0.00,0,,,
1R-D01A,S007561,IAI,SCON-C-600A-NP-2-2,ACTUATOR,1,,,,,860.00,$860.00,,,
1R-D01B,,IAI,SCON-C-4001-PN-2-2,ACUATOR,1,,,,,1.00,$1.00,$0.00,,
1R-D01C,,OMRON,CQM1-PRO01-E,PROGRAMMABLE CONTROLLER,2,,,,,1.00,$2.00,,,
1R-D01D,,OMRON,C200HW-PA204,POWER SUPPLY,2,,,,,300.00,$600.00,,,
1R-D01D,,OMRON,C200HW-PA204,POWER SUPPLY,1,,,,123086,279.00,$279.00,,,
1R-D01E,,IAI,RCP-C-SA6A,POWER SUPPLY,1,,,,,770.00,$770.00,,,
1R-D01F,,DAEWOO,DASD-CT15SPXA,SERVO DRIVE,1,,,,,940.00,$940.00,,,
1R-D01G,,FANUC,A06B-0235-B205 ,MOTOR,1,,,,,"1,764.00","$1,764.00",,,
1R-D01H,,LEXUS,L2S-150/400-D,DRIVE,4,,,,,"1,250.00","$2,500.00 ",,,
1R-D01I,,YASKAWA,SGDV-7R6A21AY871AA,SERVO PACK,2,,,,,900.00,"$1,800.00 ",,,
1R-D01J,,FUJI,FRN0.4G11S-2,INVERTER,5,,,,,398.00,"$1,990.00 ",,,
1R-D02A,,GRUNDFOS,CHI240-BQQV,VALVE,1,,,,,1.00,$1.00,,,
1R-D02B,,EBARA,93834462,PUMP,1,,,,,1.00,$1.00,,,
1R-D02C,,SMC,YCN5644-P1,PUMP,1,,,,,1.00,$1.00,,,
1R-D02D,,DYNA QUIP,MA20A1AB100,COOLANT PUMP,1,,,,,1.00,$1.00,,,
1R-D02F,S004217,TERAL KYOKUTO,VKP095AF,COOLANT PUMP,1,,,,,1.00,$1.00,,,
1R-D02G,S001219,TERAL KYOKUTO,VKP095A,COOLANT PUMP,1,,,,,1.00,$1.00,,,
1R-D02H,,,22751,COOLANT PUMP,0,,,,,1.00,$0.00,,,
1R-D02I,S001220,MITSUBISHI,NQD-751,COOLANT PUMP,2,,,,,1.00,$2.00,,,
1R-D03A,S012147,BRINKMANN,TE142S470+001,COOLANT PUMP,1,,,,,1.00,$1.00,,,
1R-D03B,S004240,TERAL KYOKUTO,LPW404C-3.0,HKD3 COOLANT PUMP,0,,,,,1.00,$0.00,,,
1R-D03C,,TOSHIBA,LEBANNON POWER 11961,MOTOR,1,,,,,1.00,$1.00,,,
1R-D03D,,,DFT100L4BM64MR,MOTOR,1,,,,,1.00,$1.00,,,
1R-D03E,,SERFIL CO,G62091,COOLANT PUMP,1,,,,,1.00,$1.00,,,
1R-D03F,S009951,GUSHER,11019-AVD-SE-A-3.5,COOLANT PUMP,1,,,,,1.00,$1.00,,,
1R-D03G,,NTB,LF80/2C-11,,1,,,,,1.00,$1.00,,,
1R-D04A,,LEESON,N284T11FK23,MOTOR,1,,,,,1.00,$1.00,,,
1R-D04B,,BALDOR,M106151X978G1,MOTOR,1,,,,,1.00,$1.00,,,
1R-D04C,,BALDOR,CEM233F254TC,MOTOR,1,,,,,1.00,$1.00,,,
1R-D04D,,BALDOR,A150928 ,MOTOR,0,,,,,"2,279.50",$0.00,"$4,295.00",,
1R-D04E,,WEG,WEG 02518EP3E  284T,MOTOR,1,,,,,1.00,$1.00,,,
1R-D05A,,FANUC,A290-0854-X501,FAN HOUSING,2,,,,,1.00,$2.00,,,
1R-D05B,,FANUC,A90L-0001-0442/R1,ASSEMBLY,2,,,,,1.00,$2.00,,,
1R-D05C,S009745,SANYO-DENKI,P20B10200DXS00,MOTOR/obsolete,0,,,,,"1,725.00",$0.00,"$1,448.00",,
1R-D05C,S009745,SANYO-DENKI,P20B10200DXS00,MOTOR/obsolete,3,,,,,"1,448.00","$4,344.00","$1,448.00",,
1R-D05D,,FANUC,A14B-0076-B001,POWER SUPPLY,2,,,,,1.00,$2.00,,,
1R-D05E,,MITSUBISHI,FR-A540-1.5K-NA,INVERTER,1,,,,,"1,208.00","$1,208.00",,,
1R-D05F,,FANUC,P50B08100DXSSD,MOTOR,0,,,,,"1,455.00",$0.00,,,
1R-D05G,,ALLEN-BRADLEY,2094-BM05-M,POWER MODULE,1,,,,,"1,150.00","$1,150.00",,,
1R-D05H,,IAI,HG1H-SA12CEH-MK1379-S5-1,TEACH PENDANT,1,,,,,545.00,$545.00,,,
1R-D06A,,NORD,200982486-100 SK71L/4,MOTOR,0,,,,,1.00,$0.00,,,
1R-D06B,S005977,FUJI,FRN0.4G9S-2,INVERTER,3,,,,,1.00,$3.00,,,
1R-D06C,,HITACHI,B266709 YIFO 1.5 KW,MOTOR,1,,,,,1.00,$1.00,,,
1R-D06D,,BALDOR,VM3554T,MOTOR,1,,,,,1.00,$1.00,,,
1R-D06E,,RELIANCE,C56H1590,MOTOR,1,,,,,1.00,$1.00,"$8,000.00",,
1R-D06F,,,D098735 AEV400 1/2,INDUCTION MOTOR,2,,,,,1.00,$2.00,"$8,000.00",,
1R-D06G,,FANUC,A06B-1460-B900,MOTOR,1,,,,,"3,287.00","$3,287.00","$14,348.00",,
1R-D06H,S015297,LEESON,C42D17FKIC,1/2 hp motor,1,,,,,1.00,$1.00,,,
1R-D07A,S013487,FANUC,A06B-0123-B675,MOTOR,1,,,,,"1,526.00","$1,526.00","$4,929.00",,
1R-D07B,S007752,FANUC,A06B-0215-B605,MOTOR,3,,,,,860.00,"$2,580.00","$1,709.00",,
1R-D07C,?,FANUC,A06B-0123-B077,MOTOR,1,,,,,"1,840.00","$1,840.00",,,
1R-D07D,,FANUC,A06B-0115-B804,MOTOR,0,,,,,585.00,$0.00,$722.00,,
1R-D07D,,FANUC,A06B-0115-B804,MOTOR,1,,,,124074,935.00,$935.00,,,
1R-D07E,S002051,FANUC,A06B-0373-B575,MOTOR,2,,,,,425.00,$850.00,"$1,584.00",,
1R-D07F,,SANYO-DENKI,P50B08100DXS00,MOTOR,0,,,,122503,"1,885.00","$1,885.00",,,
1R-D07F,,SANYO-DENKI,P50B08100DXS00,MOTOR,3,,,,,"1,455.00","$4,365.00",,,
1R-D07G,S010916,FANUC,A06B-0226-B001,MOTOR,1,,,,,875.00,$875.00,"$1,677.00",,
1R-D07H,,FANUC,A06B-0373-B577,MOTOR,1,,,,,1.00,$1.00,,,
1R-D07I,S002023,FANUC,A06B-0123-B075,SERVO MOTOR,1,,,,,903.00,$903.00,"$1,350.00",,
1R-D07J,,FANUC,A06B-0373-B177,MOTOR,1,,,,,"1,763.00","$1,763.00",,,
1R-D07K,S014625,FANUC,A06B-0075-B503,SERVO MOTOR,1,,,,129262,"1,325.00","$1,325.00","$1,332.00",,
1R-D07L,S016141,FANUC,A06B-0116-B855,MOTOR,3,,,,,"1,400.00","$4,200.00","$3,177.00",,
1R-D08A,,LEESON,286TC-6311-JC9,MOTOR,1,,,,,1.00,$1.00,,,
1R-D08B,,LEESON,2806TC 6311-JC9,MOTOR,1,,,,,1.00,$1.00,,,
1R-D08C,,BALDOR,16K027W466H2 FRAME 4041SC,MOTOR,0,,,,,"4,200.00",$0.00,"$6,861.26",,
1R-D09A,S003903,TELESIS,TMP-3100 ,MARKING HEAD,2,,,,,"1,500.00","$3,000.00","$5,561.00",,
1R-D09B,,TELESIS,TMC-1700,MARKING HEAD,0,,,,,"1,212.00",$0.00,"$8,000.00",,
1R-D09C,,TELESIS ,TMP-3200,MARKING HEAD,2,,,,,"1,500.00","$3,000.00",,,
1R-D09D,,,MDT947B-2B,SCREEN,1,,,,,1.00,$1.00,,,
1R-D09E,,TELESIS,TMC-400,CONTROLLER,3,,,,,973.00,"$2,919.00",,,
1R-D09F,,TELESIS,TPM6100-23301,MARKING HEAD,1,,,,,1.00,$1.00,,,
1R-D09G,,TELESIS,TMC-470,CONTROLLER,2,,,,,"2,100.00","$4,200.00",,,
1R-D10A,,COLUMBUS,450791-22,MOTOR,1,,,,,1.00,$1.00,,,
1R-D10B,,LEESON,CM34D17FC2E,MOTOR,1,,,,,1.00,$1.00,,,
1R-D10C,,CPG MOTOR,3/4 HP 550 WATT CPG INDUCTION,MOTOR,1,,,,,1.00,$1.00,,,
1R-D10D,,LAVERT,HE90LF23.0HP,MOTOR,1,,,,,1.00,$1.00,,,
1R-D10E,,TSUBAKI,GMTA-020-28L2005MU,MOTOR,1,,,,,1.00,$1.00,,,
1R-D10F,,BALDOR,VM3535,MOTOR,1,,,,,1.00,$1.00,,,
1R-D10G,,FANUC,A02B-0228-B505,18-MC,2,,,,,389.00,$778.00,,,
1R-D10H,,FANUC,A02B-0222-B502,BACK PLANE,1,,,,,234.00,$234.00,,,
1R-D11A,,COOL JET,35L7955447,MOTOR,2,,,,,1.00,$2.00,,,
1R-D11B,S012850,LEESON,6Z407B,CONVEYOR MOTOR,1,,,,,1.00,$1.00,,,
1R-D11C,,NIPPON,6205ZZNCX,MOTOR,1,,,,,1.00,$1.00,,,
1R-D11D,,BALDOR,IDNM3542,MOTOR,1,,,,,1.00,$1.00,,,
1R-D11E,,VICKERS,33205V35A11-10B-22R,PUMP,1,,,,,1.00,$1.00,,,
1R-D11F,,,A06B-0265-B605,MOTOR,1,,,,,1.00,$1.00,,,
1R-D12A,S002075,FANUC,A06B-0853-B927,MOTOR,4,,,,,"3,474.00","$13,896.00","$8,283.00",,
1R-D12B,S002058,FANUC,A06B-0854-B190,MOTOR,3,,,,,"1,813.00","$5,439.00","$5,309.00",,
1R-D12C,S007313,BUSCH,RA0040.E506.1001,VACUUM PUMP,7,,,,,"2,334.00","$16,338.00","$3,390.00",,
1R-E04A,,HITACHI,TF0-4HD,MOTOR,4,,,,,1.00,$4.00,,,
1R-E04B,S010869,BALDOR,EM4316T FRAME 365T,MOTOR,1,,,,,1.00,$1.00,,,
1R-E08A,S002074,FANUC,A06B-0853-B390,MOTOR,8,,,,,"2,286.00","$18,288.00","$5,645.00",,
1R-E08B,S013705,FANUC,A06B-0147-B675,MOTOR ,7,,,,,"1,831.00","$12,817.00","$7,070.00",,
1R-E08D,S002070,FANUC,A06B-0853-B100,MOTOR,1,,,,,"1,600.00","$1,600.00","$3,591.00",,
1R-E08E,,FANUC,A06B-0854-B100,MOTOR,1,,,,,"1,800.00","$1,800.00","$4,250.00",,
1R-E08F,S002073,FANUC,A06B-0853-B300,MOTOR,1,,,,,"1,034.00","$1,034.00","$3,591.00",,
1R-E08G,S002032,FANUC,A06B-0147-B175,MOTOR,1,,,,,"1,795.00","$1,795.00","$3,635.00",,
1R-E09A,,OMRON,NB10W-TW01B,INTERACTIVE DISPLAY,1,,,,,750.00,$750.00,,,
1R-E09B,,TOYO-OKI,HPP-VD2V-F31A3,MOTOR,1,,,,,"2,310.00","$2,310.00",,,
1R-E09C,,OMRON,NS5-SQ10B-V2,DISPLAY,1,,,,,995.00,$995.00,,,
1R-E09D,,FUJI,FRN0.4G1S-2J,INVERTER,2,,,,,1.00,$2.00,,,
1R-E09E,,FUJI,FRN2.2G1S-2J,INVERTER,1,,,,,1.00,$1.00,,,
1R-E09F,,FUJI,FRN0.75G1S-2J,INVERTER,2,,,,,1.00,$2.00,,,
1R-E09G,S016138,FANUC,A06B-0116-B804,MOTOR,0,,,,,"1,150.00",$0.00 ,"$2,995.28",,
1R-E09G,S016138,FANUC,A06B-0116-B804,MOTOR,0,,,,,"1,250.00",,"$2,995.28",,
1R-E12A,,WEINMAN,4BH3V,SUBMURS PUMP,1,,,,,1.00,$1.00,,,
1R-E12B,,WEINMAN,4BM3V,SUBMURS PUMP,1,,,,,1.00,$1.00,,,
1R-E12C,,FANUC,A06B-0502-B002,MOTOR,1,,,,,"2,886.00","$2,886.00",,,
1R-E13A,S015156,ATI,RC340CNC,DEBUR TOOL,6,,,,,"2,827.00","$16,962.00","$3,800.00",,
1R-E13B,,FUJI,FRN3.7G9S-2,DRIVE,1,,,,126137,745.00,$745.00 ,,,
1R-E13C,,FANUC,A06B-0075-B003,MOTOR,1,,,,130596,"1,430.00","$1,430.00 ",,,
1R-E13D,,FUJI,HV1.10,TEACH PENDANT,2,,,,,975.00,"$1,950.00",,,
1R-E13E,,FANUC,A06B-2212-B200,MOTOR,3,,,,128454/128217,"1,795.00","$3,590.00 ",,,
1R-E13F,,FANUC,A06B-0113-B075,MOTOR,2,,,,,1.00,$1.00 ,,,
1R-E13G,,OMRON,CJ1W-TC001,TEMP CONTROL UNIT,1,,,,,1.00,1,,,
1R-E16A,S002034,FANUC,A06B-0153-B175,MOTOR,3,,,,,"2,234.00","$6,702.00","$6,473.00",,
1R-E16B,S002065,FANUC,A06B-0752-B390,MOTOR,2,,,,,"2,300.00","$4,600.00","$3,041.00",,
1R-E16C,S002066,FANUC,A06B-0753-B100,MOTOR,2,,,,,330.00,$660.00,"$3,833.00",,
1R-E16D,,FANUC,A06B-0502-B005,MOTOR,1,,,,,1.00,$1.00,,,
1R-E16E,S007590,FANUC,A06B-0753-B190,MOTOR,1,,,,,"1,225.00","$1,225.00","$5,285.00",,
1R-F01A,S012026,FUKUDA,FL-611,LEAK TESTER,5,,,,,"4,550.00","$22,750.00",,,
1R-F02A,S009745,SANYO-DENKI,P20B10200DXS00M,MOTOR/obsolete,5,,,,,"1,745.00","$8,725.00","$1,745.00",,
1R-F02B,S013825,FANUC,A06B-0235-B202,MOTOR,1,,,,127627/127779,"1,867.00","$1,867.00","$3,665.00",,
1R-F02B,S013825,FANUC,A06B-0235-B202,MOTOR ,1,,,,,850.00,$850.00,"$3,665.00",,
1R-F02C,,SANYO-DENKI,P20-B10100DXS00,MOTOR,0,,,,,1.00,$0.00,"$1,550.00",,
1R-F02D,S013872,FANUC,A06B-0223-B000,MOTOR,1,,,,,"1,200.00","$1,200.00","$2,128.00",,
1R-F02E,S014624,FANUC,A06B-0063-B103,MOTOR,2,,,,,387.00,$774.00,$963.00,,
1R-F02F,S007432,FANUC,A06B-0235-B605,MOTOR,1,,,,,"1,105.00","$1,105.00","$2,000.00",,
1R-F02F,S007432,FANUC,A06B-0235-B605,MOTOR,0,,,,127023/127024/127359,"1,150.00","$3,450.00","$2,000.00",,
1R-F02F,S007432,FANUC,A06B-0235-B605,MOTOR,0,,,,127778,"1,270.00","$1,270.00","$2,000.00",,
1R-F02F,S007432,FANUC,A06B-0235-B605,MOTOR,0,,,,125822,"1,269.00","$1,269.00","$2,000.00",,
1R-F02G,S000032,FANUC,A06B-0032-B075,MOTOR,4,,,,,950.00,"$3,800.00","$1,399.00",,
1R-F02H,S002020,FANUC,A06B-0033-B075,MOTOR,2,,,,,950.00,"$1,900.00","$1,058.00",,
1R-F02H,S002020,FANUC,A06B-0033-B075,MOTOR,1,,,,133975,860.00,860,"$1,058.00",,
1R-F02H,S002022,FANUC,A06B-0033-B075,MOTOR,1,,,,137611,875.00,875,"$1,058.00",,
1R-F02H,S002022,FANUC,A06B-0033-B075,MOTOR,1,,,,137612,725.00,725,"$1,058.00",,
1R-F02I,S007861,FANUC ,A06B-0212-B605,MOTOR,4,,,,,928.00,"$3,712.00","$1,288.00",,
1R-F02J,S002022,FANUC,A06B-0113-B175,MOTOR,1,,,,,940.00,$940.00,"$1,776.00",,
1R-F02J,S002022,FANUC,A06B-0113-B175,MOTOR,3,,,,,"1,115.00","$3,345.00","$1,776.00",,
1R-F02K,S002022,FANUC,A06B-0113-B178,MOTOR,3,,,,,"1,390.00","$4,170.00","$1,776.00",,
1R-F03A,,FANUC,V710T,MONITOR,1,,,,128545,967.00,$967.00,,,
1R-F03B,,FANUC,A06B-0146-B175,MOTOR,3,,,,,1.00,$3.00,$1.00,,
1R-F03C,,,LARGE ROBOT HAND,ROBOT HAND,2,,,,,"2,480.00","$4,960.00","$7,300.00",,
1R-F03D,,NSD,VL-2,SENSOR,1,,,,,910.00,$910.00,,,
1R-F03D,,NSD,VL-2,SENSOR,1,,,,124700,390.00,$390.00,,,
1R-F03E,S007754,FANUC,A06B-0267-B605,MOTOR,2,,,,,"1,400.00","$2,800.00","$2,427.80",,
1R-F03E,S007754,FANUC,A06B-0267-B605,MOTOR,1,,,,127394,"1,770.00","$1,770.00","$2,427.80",,
1R-F03F,,FANUC,A05B-2301-C301,TEACH PENDANT,1,,,,,"1,330.00",1330,,,
1R-F03G,,FANUC,A06B-2238-B605,MOTOR,1,,,,130823,"2,485.00",2485,,,
1R-F03H,,,PEENER,SANDRAMMER,0,,,,,"3,950.00","$23,700 ","$6,911.00",,
1R-F04A,,TOKYO,F11-SQP431-50-35-86DD-18,PUMP,3,,,,,1.00,$3.00,,,
1R-F04B,S004220,TOKYO,F11-SQP431-42-35-8-86BBB18,PUMP,2,,,,,1.00,$2.00,,,
1R-F04C,,TOKYO,F11-SQP431-42-35-8-86CCB,PUMP,0,,,,,"2,400.00",$0.00,,,
1R-F04D,,TOKYO,F11-SQP41-50-8-86BB-18,PUMP,1,,,,,1.00,$1.00,,,
1R-F05A,S012025,FUKUDA,FL-610,LEAK TESTER,5,,,,,"4,550.00","$22,750.00",,,
1R-F05B,,FUKUDA,FL-294AM-0,LEAK TESTER,2,,,,,"4,950.00","$9,900.00","$10,650.00",,
1R-F05C,,FUKUDA,FL-601M-2-X019,LEAK TESTER,9,,,,,"4,950.00","$44,550.00",,,
1R-F06A,,INDIANA TOOL ,2250 TON ROBOT HAND,ROBOT HAND,7,,,,,"2,480.00","$17,360.00","$7,300.00",,
1R-F06B,,INDIANA TOOL ,500-800 TON ROBOT HAND,500-800TON HAND,0,,,,,"2,180.00",$0.00,"$4,125.00",,
1R-F06C,,INDIANA TOOL ,530 TON ROBOT HAND,530 TON HAND,4,,,,,"2,480.00","$9,920.00","$4,125.00",,
1R-F06D,S011089,STANLEY,EL33LB-40,NUT RUNNER,8,,,,,"2,560.00","$20,480.00",,,
1R-F07A,S002041,FANUC,A06B-0314-B106,MOTOR,1,,,,,"1,066.00","$1,066.00","$5,643.00",,
1R-F07B,S002035,FANUC,A06B-0163-B175,MOTOR,5,,,,,"1,734.00","$8,670.00","$3,512.00",,
1R-F07B,S002035,FANUC,A06B-0163-B175,MOTOR,1,,,,133382,"1,967.00",1967,"$3,512.00",,
1R-F07C,S010437,FANUC,A06B-0246-B401,MOTOR,1,,,,,"1,100.00","$1,100.00","$5,421.00",,
1R-F07D,S015055,FANUC,A06B-0041-B605,MOTOR,1,,,,,"1,762.00","$1,762.00","$3,550.00",,
1R-F07E,S010932,FANUC,A06B-0269-B401,SERVO MOTOR,2,,,,,"1,250.00","$2,500.00","$7,360.00",,
1R-F07F,S016253,FANUC,A06B-0166-B675,SERVO MOTOR,2,,,,,"1,225.00","$2,450.00","$3,167.00",,
1R-F07G,S015054,FANUC,A06B-0238-B605,MOTOR,1,,,,,"2,486.00","$2,486.00","$2,980.00",,
1R-F07G,S015054,FANUC,A06B-0238-B605,MOTOR,1,,,,128580,"1,279.00",1279,"$2,960.00",,
1R-F07H,S002028,FANUC,A06B-0143-B075,MOTOR,5,,,,,"1,398.00","$6,990.00","$2,980.00",,
1R-F07I,?,FANUC,A06B-0128-B075,MOTOR,1,,,,,"1,930.00","$1,930.00","$3,615.00",,
1R-F07J,S002021,FANUC,A06B-0034-B175,MOTOR,3,,,,,"1,200.00","$3,600.00","$1,993.00",,
1R-F07K,S007634,FANUC,A06B-0115-B275,MOTOR,0,,,,,"1,170.00",$0.00,"$3,042.00",,
1R-F07K,S007634,FANUC,A06B-0115-B275,MOTOR,5,,,,,"1,250.00","$6,250.00","$3,042.00",,
1R-F08A,,WORLDWIDE,WWHG10-12-256TC,MOTOR,1,,,,,1.00,$1.00,,,
1R-F08B,,BALDOR,A051221,MOTOR,3,,,,,1.00,$3.00,,,
1R-F08C,S009612,SUMITOMO,RNYM2-1630B-B-120,Gearbox ,3,,,,,1.00,$3.00,"$2,441.00",,
1R-F09A,,FUKUDA,FL-600L-2-X016,LEAK TESTER,5,,,,,"4,950.00","$24,750.00",,,
1R-F09B,,FUKUDA,FL-600M-2,LEAK TESTER,4,,,,,"4,950.00","$19,800.00",,,
1R-F09C,,FUKUDA,FL-601M-2-X010,LEAK TESTER,2,,,,,"4,950.00","$9,900.00",,,
1R-F09E,,FUKUDA,FL-2700M-1-N,LEAK TESTER,5,,,,,"4,950.00","$24,750.00","$3,806.20",,
1R-F10A,S010813,FANUC,A06B-0162-B175,MOTOR,2,,,,,"1,726.00","$3,452.00","$3,807.00",,
1R-F10B,S002050,FANUC,A06B-0373-B175,MOTOR,1,,,,,"1,468.00","$1,468.00","$3,187.00",,
1R-F10B,S002050,FANUC,A06B-0373-B175,MOTOR,1,,,,126498,"1,750.00","$1,750.00","$3,187.00",,
1R-F10C,S002052,FANUC,A06B-0373-B675,MOTOR,1,,,,,"1,795.00","$1,795.00","$2,414.00",,
1R-F10D,S002053,FANUC,A06B-0374-B175,MOTOR,1,,,,127357,"1,497.00","$1,497.00","$2,675.00",,
1R-F10D,S002053,FANUC,A06B-0374-B175,MOTOR,1,,,,136733,"1,524.00","$1,524.00","$2,675.00",,
1R-F10D,S002053,FANUC,A06B-0374-B175,MOTOR,1,,,,,"1,925.00","$1,925.00","$2,675.00",,
1R-F10D,S002053,FANUC,A06B-0374-B175,MOTOR,0,,,,120409,"1,436.00",$0.00,"$2,675.00",,
1R-F10D,S002053,FANUC,A06B-0374-B175,MOTOR,1,,,,137486,"1,561.00",1561,"$2,675.00",,
1R-F10E,S007251,FANUC,A06B-0373-B077,MOTOR,1,,,,,"1,870.00","$1,870.00","$1,196.00",,
1R-F10F,,FANUC,A06B-0373-B390,MOTOR,1,,,,,"1,740.00","$1,740.00","$3,444.60",,
1R-F10G,S009450,FANUC,A06B-0371-B175,MOTOR,4,,,,,"1,271.00","$5,084.00","$5,226.45",,
1R-F10G,S009450,FANUC,A06B-0371-B175,MOTOR,0,,,,117171,"1,412.00",$0.00,"$5,226.45",,
1R-F10G,S009450,FANUC,A06B-0371-B175,MOTOR,1,,,,130822,"1,485.00",1485,"$5,226.45",,
1R-F10G,S009450,FANUC,A06B-0371-B175,MOTOR,1,,,,130825,"1,325.00",1325,"$5,226.45",,
1R-F10H,S002040,FANUC,A06B-0314-B072,MOTOR,3,,,,,"1,005.00","$3,015.00","$2,196.00",,
1R-F10I,S002042,FANUC,A06B-0314-B172,MOTOR,1,,,,,"1,708.00","$1,708.00","$4,051.00",,
1R-F10J,,FANUC,A06B-0235-B105,MOTOR,1,,,,,1.00,$1.00,"$2,148.00",,
1R-F10K,,SANYO-DENKI,P20B10150DXS00,MOTOR,3,,,,,"1,725.00","$5,175.00",OBSOLETE,,
1R-F10K,,SANYO-DENKI,P20B10150DXS00,MOTOR/obsolete,5,,,,126146/127776/127774,"1,435.00","$7,175.00",OBSOLETE,,
1R-F10K,,SANYO-DENKI,P20B10150DXS00,MOTOR/obsolete,6,,,,,"1,246.00","$7,476.00","$1,435.00",,
1R-F11A,,FANUC,A06B-0851-B390,MOTOR,1,,,,,"1,809.00","$1,809.00",,,
1R-F11B,,FANUC ,A06B-0852-B400,MOTOR,1,,,,,"1,918.00","$1,918.00",,,
1R-F11C,S002069,FANUC ,A06B-0852-B394,MOTOR,2,,,,,"1,686.00","$3,372.00","$3,545.00",,
1R-F11D,?,FANUC,A06B-0143-B675,MOTOR,2,,,,,"2,089.00","$4,178.00","$5,561.25",,
1R-F11E,S007455,FANUC,A06B-0148-B175,MOTOR,6,,,,,"1,887.00","$11,322.00","$5,562.00",,
1R-F11F,,FANUC,A06B-0186-B675,MOTOR ,4,,,,,"1,710.00","$6,840.00","$4,250.00",,
1R-F11G,S002031,FANUC,A06B-0147-B075,MOTOR ,2,,,,,"1,125.00","$2,250.00","$4,042.00",,
1R-F11H,S002056,FANUC,A06B-0502-B272,MOTOR,1,,,,,"1,125.00","$1,125.00","$5,529.00",,
1R-F12B,S000038,FANUC,A06B-0854-B390,MOTOR,1,,,,,1.00,$1.00,,,
1R-F12C,S010831,FANUC,A06B-1449-B110,SPINDLE MOTOR,1,,,,,"1,200.00","$1,200.00","$7,961.00",,
1R-F12D,,FANUC,A06B-0857-B391,MOTOR,1,,,,,1.00,$1.00,,,
1R-F12E,S002067,FANUC,A06B-0753-B390,MOTOR,2,,,,,"1,015.00","$2,030.00","$5,529.00",,
1R-F13A,,FUKUDA,FL-3700M-1-N,LEAK TESTER,10,,,,,"4,950.00","$49,500.00","$10,123.00",,
1R-F14A,S016537,FANUC,A06B-0235-B502,MOTOR,3,,,,,847.00,"$2,541.00","$1,892.00",,
1R-F14B,,FANUC,B004ZD990810007,MOTOR,1,,,,,1.00,$1.00,,,
1R-F14C,S002036,FANUC,A06B-0313-B072,MOTOR,2,,,,,365.00,$730.00,"$2,238.00",,
1R-F14D,S004856,FANUC,A06B-0314-B006,MOTOR,1,,,,,889.00,$889.00,"$1,701.00",,
1R-F14E,?,FANUC,A06B-0127-B175,MOTOR,1,,,,,"2,050.00","$2,050.00","$6,511.00",,
1R-F14F,S002038,FANUC,A06B-0314-B005,MOTOR,6,,,,,"3,500.00","$21,000.00","$2,614.00",,
1R-F14G,S002025,FANUC,A06B-0127-B075,MOTOR,1,,,,,"1,431.00","$1,431.00","$2,594.00",,
1R-F14G,S002025,FANUC,A06B-0127-B075,MOTOR,1,,,,126185,"1,279.00","$1,279.00","$2,594.00",,
1R-F14G,S002025,FANUC,A06B-0127-B075,MOTOR,1,,,,127360,"1,394.00","$1,394.00","$2,594.00",,
1R-F14H,,FANUC,A06B-0243-B605,MOTOR,1,,,,,1.00,$1.00 ,,,
1R-F14I,S010436,FANUC,A06B-0241-B101,MOTOR,1,,,,,"1,263.00","$1,263.00","$2,075.00",,
1R-F14J,S002026,FANUC,A06B-0142-B075,MOTOR,7,,,,,"1,681.00","$11,767.00","$2,934.00",,
1R-F15A,S002030,FANUC,A06B-0143-B175,MOTOR,4,,,,,"1,957.00","$7,828.00","$4,276.00",,
1R-F15B,?,FANUC,A06B-0142-B076,MOTOR,1,,,,,"1,094.00","$1,094.00","$5,151.00",,
1R-F15C,S002027,FANUC,A06B-0142-B175,MOTOR,3,,,,,"1,781.00","$5,343.00","$3,616.00",,
1R-F15D,S002049,FANUC,A06B-0315-B272,MOTOR,1,,,,,"1,000.00","$1,000.00","$4,417.00",,
1R-F15E,S002055,FANUC,A06B-0502-B072,MOTOR,1,,,,,360.00,$360.00,"$3,394.00",,
1R-F15F,S002047,FANUC,A06B-0315-B201,MOTOR,1,,,,,"2,849.00","$2,849.00","$3,936.00",,
1R-F15G,S002048,FANUC,A06B-0315-B204,MOTOR,1,,,,,"1,275.00","$1,275.00","$3,586.00",,
1R-F15H,,FANUC,A06B-0315-B003,MOTOR,1,,,,,"2,025.00","$2,025.00",,,
1R-F15I,S002033,FANUC,A06B-0153-B088,MOTOR,1,,,,,200.00,$200.00,"$1,886.00",,
1R-FLOOR A,,SIESHIN,BSA-40,SPINDLE,0,,,,,"9,300.00",$0.00,,,
1R-FLOOR A,,SIESHIN,BSA-70FN,SPINDLE,0,,,,,"2,000.00",$0.00,,,
1R-FLOOR A,,SIESHIN,FLB8,SPINDLE,0,,,,,"5,200.00",$0.00,"$16,993.10",,
1R-FLOOR A,,SIESHIN,LA-95,SPINDLE,0,,,,,"7,875.00",$0.00,"$22,000.00",,
1R-FLOOR A,,FUJI,M4Q5205J R4QM3 200M ,MOTOR,0,,,,,1.00,$0.00,,,
1R-FLOOR B,,MITSUBISHI,3 PHASE INDUCTION MOTOR,MOTOR,1,,,,,1.00,$1.00 ,,,
1R-FLOOR B,,,LAB200LE2A-796,BLOWER,1,,,,,1.00,$1.00 ,,,
1R-FLOOR B,,BALDOR,MRA5204J,MOTOR,0,,,,,1.00,$0.00,,,
1R-FLOOR B,S010708,BUSCH,RA0100.E506,VACUUM PUMP,0,,,,,"1,990.00",$0.00,"$5,615.00",,
1R-FLOOR B,,BUSCH,RA0100.F506.11XG,VACUUM PUMP,3,,,,,"1,990.00","$5,970.00","$5,615.00",,
1R-FLOOR B,S008962,BUSCH,RA0255D5061101,VACUUM PUMP,1,,,,,"8,666.00","$8,666.00","$13,465.00",,
1R-FLOOR C,,BALDOR,A150928 286TC ,MOTOR,0,,,,,"2,279.50",$0.00,"$4,295.00",,
1R-FLOOR C,,BALDOR,CIRCULATION PUMP MOTOR,MOTOR,0,,,,,1.00,$0.00,,,
1R-FLOOR C,,,GEAR REDUCER,GEAR REDUCER,1,,,,,1.00,1,,,
1R-FLOOR C,,EMERSON,H060S2SL6 FRAME 364 TP,MOTOR,1,,,,,1.00,$1.00,,,
1R-FLOOR C,,NISHIDA,HA-40,SPINDLE,3,,,,,"10,425.00","$31,275.00","$24,027.45",,
1R-FLOOR C,,TOSHIBA,HD-2B2-G02-LW-B,INDUCTION MOTOR,0,,,,,1.00,$0.00,,,
1R-FLOOR C,,NISHIDA,HKD-3 TYPE 1,SPINDLE,1,,,,,"9,431.00","$9,431.00","$26,740.12",,
1R-FLOOR C,,NISHIDA,HKD-3 TYPE 2,SPINDLE,4,,,,,"8,649.00","$34,596.00",,,
1R-FLOOR C,,NISHIDA,HL-3(BT30),SPINDLE,1,,,,,"9,251.00","$9,251.00",,,
1R-FLOOR C,,NISHIDA,HL4-1 SPINDLES,SPINDLE,1,,,,,1.00,$1.00,,,
1R-FLOOR C,,EMERSEN,M50E3C2P HL-4-1 FRAME 444TC,MOTOR,1,,,,,1.00,$1.00,,,
1R-FLOOR C,,BALDOR,MRA5205J,MOTOR,0,,,,,1.00,$0.00,,,
1R-FLOOR C,,MORI SEIKI,NV 5000,SPINDLE,1,,,,,"8,351.00","$8,351.00",,,
1R-FLOOR D,,,H100E3ZC2-P,MOTOR,0,,,,,"6,685.00",$0.00 ,"$13,524.67",,
1R-J04A,,,2250 TRIM PRESS CYLINDER,CYLINDER,0,,,,,"2,622.00",$0.00,"$5,593.75",,
1R-J04B,,,TRIM PRESS CYLINDER,CYLINDER,0,,,,,1.00,$0.00,,,
1R-J08A,S010586,,800 TON OPEN/CLOSE CYLINDER,CYLINDER,1,,,,,"7,112.40","$7,112.40","$13,688.00",,
1R-J08B,,,4 BOLT TRIM PRESS,CYLINDER,1,,,,,1.00,$1.00 ,,,
1R-J08C,,,500 TON OPEN/CLOSE,CYLINDER,1,,,,,1.00,$1.00 ,,,
1R-J12A,,,200mm VERTICAL TRIM PRESS,CYLINDER,1,,,,,1.00,$1.00,,,
1R-J12B,,PARKER,5.00JJ2HLT523N28,CYLINDER,2,,,,,1.00,$2.00,,,
1R-J12C,S008669,ATLAS,TRIM PRESS CYLINDER,CYLINDER,0,,,,,"2,622.00","$2,622.00 ","$5,593.75",,
1R-K01A,,KEYARROW,F07113001-LC05-A,FRONT COVER,1,,,,,1.00,$1.00,,,
1R-K01B,,KEYARROW,G40412001-LW01-D1,FRONT COVER,1,,,,,1.00,$1.00,,,
1R-K01C,,KEYARROW,H73035002-LW01,FRONT COVER,1,,,,,1.00,$1.00,,,
1R-K01D,,KEYARROW,H90694001-LW01-BG,FRONT COVER,1,,,,,1.00,$1.00,,,
1R-K01E,,KEYARROW,I45338001-LW01-D1,FRONT COVER,1,,,,,1.00,$1.00,,,
1R-K01F,?,TAI SHYANG,1.20316E+11,COVERS,1,,,,,1.00,$1.00,,,
1R-K01G,S013555,SMC,RHCL100-810-B54L,CYLINDER,1,,,,,1.00,$1.00,"$1,172.00",,
1R-K01H,?,SMC,MGGLF32-160-H7C,CYLINDER,1,,,,,1.00,$1.00,,,
1R-K02A,,KEY ARROW,I23207001-LW01-C,COVERS,1,,,,,1.00,$1.00,,,
1R-K02B,?,KEYARROW,8030056000,LOWER COVER,1,,,,,1.00,$1.00,,,
1R-K02C,?,KEYARROW,8030056010,COVER ,1,,,,,$1.00,$1.00,,,
1R-K02D,,HANNA,MPI-3AN02-003-00,CYLINDER,1,,,,,1.00,$1.00,?,,
1R-K02E,S001367,TAIYO,1FA32N130-D3,CYLINDER,2,,,,,1.00,$2.00,,,
1R-K02F,,SMC,CHAU63,CYLINDER,1,,,,,1.00,$1.00,,,
1R-K02G,S001436,SMC,CDGILN50150-G5BAL,CYLINDER,1,,,,,1.00,$1.00,,,
1R-K02H,S012145,SMC,CDV3FN8050,CYLINDER,2,,,,,1.00,$2.00,,,
1R-K02I,,SMC,CA1GN63-320,CYLINDER,1,,,,,1.00,$1.00,,,
1R-K02J,S011976,SMC,RZQF40TN-175,CYLINDER,1,,,,,1.00,$1.00,,,
1R-K02K,,SMC,CCT63-200,CYLINDER,1,,,,,1.00,$1.00,,,
1R-K02L,S007531,CKD,CAV2-N-FA100B62-DC24V-TB1,CYLINDER,2,,,,,1.00,$2.00,,,
1R-K03A,,NISHIDA,KYLP160-0094-0001 / 0002 LOWER,Y AXIS COVER U/L,1,,,,,1.00,$1.00,,,
1R-K03B,,?,NO NUMBER,CYLINDER COVER,2,,,,,1.00,$2.00,,,
1R-K03C,,?,NO NUMBER,CYLINDER COVER,5,,,,,1.00,$5.00,,,
1R-K03D,,?,BEL05001:142-0,COVERS,1,,,,,1.00,$1.00,,,
1R-K03E,,?,BEL04001:142-0/2,COVERS,0,,,,,1.00,$0.00,,,
1R-K03F,,KYOHO,50X160-LB,CYLINDER,2,,,,,1.00,$2.00,,,
1R-K03G,S001362,TAIYO,140H8R 1LA50BB1200ABAH4,BOLSTER CYLINDER,2,,,,,"1,080.00","$2,160.00","$1,822.00",,
1R-K03H,,ATLAS,LARGE ATLAS CYLINDER,CYLINDER,3,,,,,1.00,$3.00,,,
1R-K04A,S001764,TAIYO,500 TON DIE CLOSE,CYLINDER,5,,,,,1.00,$5.00,,,
1R-K05A,S015728,TAIYO,140H71FY50BB210AB,CYLINDER,7,,,,,1.00,$7.00,,,
1R-K05B,S013411,TAIYO,1FB40BB250X,CYLINDER,1,,,,,1.00,$1.00,?,,
1R-K05C,S001676,SMC,NCDA1B250-0600-A53S,BSM PUSHER,2,,,,,1.00,$2.00,$110.00,,
1R-K05D,S007532,CKD,COV2N-FA-75B-50  3-R03-H-TB1,CYLINDER,1,,,,,"1,250.00","$1,250.00",,,
1R-K05E,,SMC,CDG1BN100-50-B53,CYLINDER,1,,,,,"1,100.00","$1,100.00",?,,
1R-K05F,S001382,SMC,CDA2B80400A54,CYLINDER,3,,,,,1.00,$3.00,?,,
1R-K06A,S007451,SMC,CDBA2F63-525-HL-A44,CYLINDER,2,,,,,630.00,"$1,260.00",$362.00,,
1R-K06B,S001349,TAIYO,140H71FY50BB480AB,CYLINDER,4,,,,,1.00,$4.00,$343.00,,
1R-K06C,S008783,SMC,NCA1U4000600XTST,CYLINDER,4,,,,,300.00,"$1,200.00",$726.00,,
1R-K06D,S001381,SMC,CA1T63-350  2250 TON,CYLINDER,1,,,,,1.00,$1.00,$160.00,,
1R-K06E,,TAIYO,140H-1FY40BB400-AC,CYLINDER,1,,,,,1.00,$1.00,,,
1R-K06F,S008553,TAIYO,70H-82FA40CN500B0,CYLINDER,1,,,,,1.00,$1.00,$656.00,,
1R-K06G,S008421,TAIYO,NBH340,CYLINDER,1,,,,,250.00,$250.00,$417.00,,
1R-K07A,S001388,SMC,CDA1F50-875-A44,CYLINDER,1,,,,,275.00,$275.00,$346.00,,
1R-K07B,,SMC,CDA2F50-900,CYLINDER,1,,,,,425.00,$425.00,,,
1R-K07C,,SMC,CDA1DQ40-750B-A53,CYLINDER,0,,,,,630.00,$0.00,,,
1R-K07D,,HORUCHI,K435841,CYLINDER,1,,,,,1.00,$1.00,,,
1R-K07E,,SMC,CHDFFA80C-200-J59WL,CYLINDER,1,,,,,750.00,$750.00,,,
1R-K07F,,SMC,CHDFWFA100B-175-A533,CYLINDER,2,,,,,625.00,"$1,250.00",,,
1R-K07G,S001398,SMC,CDBA2F100-550-HL-A44-XC7,CYLINDER,2,,,,,685.00,"$1,370.00",,,
1R-K07H,?,SMC,41212,CYLINDER,1,,,,,1.00,$1.00,,,
1R-K08A,S007687,TAIYO,800 TON EJECTOR CYLINDER,CYLINDER,0,,,,,"2,947.00",$0.00,"$5,052.50",,
1R-K08B,,TAIYO,TRIM PRESS CYLINDER,CYLINDER,1,,,,,1.00,$1.00,,,
1R-K08C,S007549,?,500 TON EJECTOR CYLINDER,CYLINDER,2,,,,,1.00,$2.00,,,
1R-K09A,,SMC,MY1B25G-1200L-M9BWL,AIR CYLINDER,1,,,,,1.00,$1.00,,,
1R-K09B,,SMC,MY1B50-1400-Y7BWZ,AIR CYLINDER,1,,,,,1.00,$1.00,$953.00,,
1R-K09C,S008968,SMC,MY1B50-1230-Y7BWZ,CYLINDER,1,,,,,1.00,$1.00,$900.00,,
1R-K09D,?,SMC,154947,CYLINDER,1,,,,,1.00,$1.00,,,
1R-K09E,?,?,171688,CYLINDER,1,,,,,1.00,$1.00,,,
1R-K09F,?,?,?,CYLINDER,2,,,,,1.00,$2.00,,,
1R-K09G,?,?,?,CYLINDER,3,,,,,1.00,$3.00,,,
1R-K09H,,SMC,CA163-E4H03-125,CYLINDER,1,,,,,1.00,$1.00,,,
1R-K09I,,ATLAS,ATLAS CYLINDER,CYLINDER,0,,,,,1.00,$1.00 ,,,
1R-K10A,S001562,SMC,CHD2FWFA80C-250-DCK5533K,CYLINDER,1,,,,,1.00,$1.00,,,
1R-K10B,?,PARKER,?,CLYINDER,1,,,,,1.00,$1.00,,,
1R-K10C,S015831,SHEFFER,04MH-FHF-0017,CLYINDER,2,,,,,1.00,$2.00,,,
1R-K10D,?,MINDMAN,768772,CYLINDER,0,,,,,1.00,$0.00,,,
1R-K10E,S001571,SMC,CHDHFY80C-400-J59WL3,CYLINDER,2,,,,,400.00,$800.00,$687.00,,
1R-K10F,S013846,SMC,RHCG80-215,CLYINDER,1,,,,,1.00,$1.00,$974.00,,
1R-K10G,?,?,156263,CLYINDER,1,,,,,1.00,$1.00,,,
1R-K10H,?,?,157871-2,CYLINDER,2,,,,,1.00,$2.00,$687.15,,
1R-K10I,?,?,78008505,CYLINDER,1,,,,,1.00,$1.00,$687.15,,
1R-K10J,?,SMC,CA1D80-400,CYLINDER,0,,,,,"1,425.00",$0.00,,,
1R-K11A,S011084,IAI,RCS2-SS8C-1-100-10-200-T2-N,ROBO CYLINDER,1,,,,,1.00,$1.00,"$3,048.00",,
1R-K11B,S016378,TOYOOKI,HCI-63X300-FA,CYLINDER,1,,,,,425.00,$425.00,$727.00,,
1R-K11C,?,SMC,CG1LA40-810,CYLINDER,1,,,,,425.00,$425.00,,,
1R-K11D,?,PARKER,02.00 BB2HLTS14A,CYLINDER,1,,,,,1.00,$1.00,,,
1R-K11E,?,SMC,CDM2B40-250,CYLINDER,1,,,,,1.00,$1.00,,,
1R-K11F,S000531,SMC,VBA40A-04GN,BOOSTER REGULATOR,1,,,,,1.00,$1.00,$550.00,,
1R-K11G,S001361,PARKER,140H-8-1FY80BB310-AD,Small cylindler,8,,,,,"1,200.00","$9,600.00",$0.00,,
1R-K11J,S011085,SMC,MY2HT25G-200H,CYLINDER,1,,,,,1.00,$1.00,$909.00,,
1R-K12B,,,TRIM PRESS CYLINDER,CYLINDER,1,,,,,"1,325.00","$1,325.00","$5,593.75",,
1R-L02A,S001364,PARKER ,1FA63BB60-AB,CYLINDER,7,,,,,450.00,"$3,150.00",$688.00,,
1R-L03A,S012218,SMC,CA2D80-350,CYLINDER,2,,,,,1.00,$2.00,$211.00,,
1R-L03B,S012277,SMC,CA2G80-320Z,CYLINDER,3,,,,,1.00,$3.00,$199.00,,
1R-L03C,?,TRD,81897,CYLINDER,1,,,,,1.00,$1.00,,,
1R-L03D,S006776,IRONMAN,GRC-DMQ-832-400-R6-56,MOTOR,1,,,,,1.00,$1.00,?,,
1R-L05A,,,TIE BAR PULL CYLINDER,CYLINDER,0,,,,,1.00,$0.00,,,
1R-L06A,,ROBODRILL,"24,000 RPM",SPINDLE,1,,,,,1.00,$1.00,,,
1R-L06B,,ROBODRILL,"20,000 RPM",SPINDLE,1,,,,,1.00,$1.00,,,
1R-L06C,S011581,ROBODRILL,"10,000 RPM",SPINDLE,4,,,,,"2,500.00","$10,000.00","$2,615.63",,
1R-L07A,,TOYOSK,TVT30IS,SPINDLE,1,,,,,1.00,$1.00,,,
1R-L07B,,,SPINDLE,,2,,,,,1.00,$2.00,,,
CAB1-A-01,S002777,FUJITSU,N860-1603-T051,KEYBOARD,1,,,,,855.00,$855.00,,,
CAB1-A-02,,HORNER,HE693ADC415C,,1,,,,,350.00,$350.00,,,
CAB1-A-03,S005496,OMRON,C200H-MD215,INPUT CARD,2,,,,,1.00,$2.00,$332.00,,
CAB1-A-04,S009547,OMRON,YM9094304,CONTROLLER,1,,,,,300.00,$300.00,,,
CAB1-A-05,S003247,FANUC,A02B-0236-C120#MBR,MDI UNIT SMALL ,7,,,,,265.00,"$1,855.00",$276.00,,
CAB1-A-06,,FANUC,A16B-1300-0270,PC BOARD,1,,,,,1.00,$1.00,,,
CAB1-B-01,S002718,FANUC,A03B-0807-C011,INTERFACE MODULE,2,,,,,"1,045.00","$2,090.00",$504.00,,
CAB1-B-02,S002678,FANUC,A03B-0807-C109,INPUT MODULE,1,,,,,125.00,$125.00,$342.00,,
CAB1-B-03,S004626,CONTEC,IBX-2727,INTERFACE  ,1,,,,,280.00,$280.00,$395.00,,
CAB1-B-04,S000907,CONTEC,ADI12-16,,1,,,,127551,350.00,$350.00,$595.57,,
CAB1-B-04,S000907,CONTEC,ADI12-16 (PC),,1,,,,126496,250.00,$250.00,$595.57,,
CAB1-B-04,S000907,CONTEC,ADI12-16(PC),,1,,,,,300.00,$300.00,$595.57,,
CAB1-B-05,S002680,OMRON,C200H-IA122,INPUT CARD,1,,,,,360.00,$360.00,,,
CAB1-B-06,,OMRON,C200H-OC225,OUTPUT CARD,4,,,,,185.00,$740.00,,,
CAB1-C-01,,FANUC,PCI-2727,INTERFACE,1,,,,,1.00,$1.00,,,
CAB1-C-02,,SMC,JXC918-LEFS32A-700,POWER SUPPLY,1,,,,,1.00,$1.00,,,
CAB1-C-03,,GE ,IC693MDL940H,OUTPUT MODULE ,1,,,,,100.00,$100.00,,,
CAB1-C-04,,MITSUBISHI,QY 4 1P,OUTPUT UNIT,1,,,,,135.00,$135.00,,,
CAB1-C-05,S000909,CONTEC,DA12-4,SDDV BOARD,0,,,,,392.00,$0.00,$689.16,,
CAB1-C-06,,OMRON,C200H-OD211,OUTPUT CARD,2,,,,,280.00,$560.00,,,
CAB1-D-01,S006882,OMRON,CPM1A-30CDRA,CPU,0,,,,,"4,235.00",$0.00,,,
CAB1-D-02,,CONTEC,GE91800335,PC BOARD,1,,,,,1.00,$1.00,,,
CAB1-D-03,?,FANUC ,A20B-2200-0650,PC BOARD,1,,,,,1.00,$1.00,,,
CAB1-D-04,,FUKUDA,MI-170-02D2-N,LEAK TESTER,1,,,,,1.00,$1.00,,,
CAB1-D-05,,FANUC,A20B-3300-0120,CARD,1,,,,,1.00,$1.00,,,
CAB1-D-06,S003709,,A20B-3300-0085,PC BOARD,2,,,,,"1,100.00","$2,200.00","$3,022.00",,
CAB1-E-01,,KEYENCE,SR-1000,CODE READER,2,,,,,1.00,$2.00,,,
CAB1-E-02,,FANUC,A20B-3300-0392,PC BOARD,1,,,,,1.00,$1.00,,,
CAB1-E-03,,,PCA-6751 REV.B202-1,INPUT CARD,2,,,,,1.00,$2.00,,,
CAB1-E-04,,OMRON,C200H-IP007,INTERFACE,1,,,,,150.00,$150.00,$719.20,,
CAB1-E-05,S003629,OMRON,C200H-DA003,,1,,,,,250.00,$250.00,,,
CAB1-E-06,S007637,OMRON,CSG1-CPU42-EV1,CPU,2,,,,,460.00,$920.00,,,
CAB1-F-01,?,FANUC,A20B-3300-0313,PC BOARD,1,,,,,1.00,$1.00,,,
CAB1-F-02,?,FANUC,A20B-2902-0275,PC BOARD,1,,,,,1.00,$1.00,,,
CAB1-F-03,?,,RT100,DISPLAY,1,,,,,1.00,$1.00,,,
CAB1-F-04,?,FANUC,A17B-3300-0201/03B,CIRCUIT BOARD,1,,,,,455.00,$455.00,"$3,917.00",,
CAB1-F-05,,NITTO SEIKO,FM502H,SCREW FEEDER PCB,1,,,,,250.00,$250.00,,,
CAB1-F-06,S002108,FANUC,A20B-2902-0480,DAUGHTERBOARD,2,,,,,1.00,$2.00,,,
